"","X1","X","ID","Time","Group","Teacher","PA","PG","CA","CG","BO","BOother","IA","IAOth","NumCh","ASDother","Eth","EthOth","Lang","LangOth","EdLvl","EdOth","EmpStatus","EmpOth","AnnInc","WrkMiss1","WrkMiss2","WrkMiss3","MarStatus","NumMar","ChildServST","ChildServBT","ChildServOT","ChildServPT","ChildServSB","ChildServOth","ChildRecST","ChildRecBT","ChildRecOT","ChildRecPT","ChildRecSB","ChildRecOth","TimeRec","EnvLearn","EnvOth","HrsServ","PETC","FormatGrp","FormatYou","FormatClass","FormatYourself","FormatPI","FormatOth","NumPEC","TimePEC","HelpPEC","WhereRecClass","WhereRecHome","WhereRecOth","CareTkr","CareOth","IntSup1","IntSup2","X1","ImpServ","MPCA1","MPCA2","MPCA3","MPCA4","MPCA5","MPCA6","MPCA7","MPCA8","MPCA9","MPCA10","MPCA11","MPCA12","MPCA13","MPCA14","MPCA15","MPCA16","MPCA17","MPCA18","MPCA19","MPCA20","MPCA21","MPCA22","MPCA23","MPCAG1","MPCAG2","MPCAG3","MPCAG4","MPCAG5","MPCAG6","MPCAG7","MPCAG8","MPCAG9","MPCAG10","MPCAG11","MPCAG12","MPCAG13","MPCAG14","MPCAG15","EIPSES1","EIPSES2","EIPSES3","EIPSES4","EIPSES5","EIPSES6","EIPSES7","EIPSES8","EIPSES9","EIPSES10","EIPSES11","EIPSES12","EIPSES13","EIPSES14","EIPSES15","EIPSES16","PSISF1","PSISF2","PSISF3","PSISF4","PSISF5","PSISF6","PSISF7","PSISF8","PSISF9","PSISF10","PSISF11","PSISF12","PSISF13","PSISF14","PSISF15","PSISF16","PSISF17","PSISF18","PSISF19","PSISF20","PSISF21","PSISF22","PSISF23","PSISF24","PSISF25","PSISF26","PSISF27","PSISF28","PSISF29","PSISF30","PSISF31","PSISF32","PSISF33","PSISF34","PSISF35","PSISF36","AIRS1","AIRS2","AIRS3","AIRS4","AIRS5","AIRS6","AIRS7","AIRS8","AIRS9","AIRS10","MPCA1.2","MPCA2.2","MPCA3.2","MPCA4.2","MPCA5.2","MPCA6.2","MPCA7.2","MPCA8.2","MPCA9.2","MPCA10.2","MPCA11.2","MPCA12.2","MPCA13.2","MPCA14.2","MPCA15.2","MPCA16.2","MPCA17.2","MPCA18.2","MPCA19.2","MPCA20.2","MPCA21.2","MPCA22.2","MPCA23.2","MPCAG1.2","MPCAG2.2","MPCAG3.2","MPCAG4.2","MPCAG5.2","MPCAG6.2","MPCAG7.2","MPCAG8.2","MPCAG9.2","MPCAG10.2","MPCAG11.2","MPCAG12.2","MPCAG13.2","MPCAG14.2","MPCAG15.2","EIPSES1.2","EIPSES2.2","EIPSES3.2","EIPSES4.2","EIPSES5.2","EIPSES6.2","EIPSES7.2","EIPSES8.2","EIPSES9.2","EIPSES10.2","EIPSES11.2","EIPSES12.2","EIPSES13.2","EIPSES14.2","EIPSES15.2","EIPSES16.2","PSISF1.2","PSISF2.2","PSISF3.2","PSISF4.2","PSISF5.2","PSISF6.2","PSISF7.2","PSISF8.2","PSISF9.2","PSISF10.2","PSISF11.2","PSISF12.2","PSISF13.2","PSISF14.2","PSISF15.2","PSISF16.2","PSISF17.2","PSISF18.2","PSISF19.2","PSISF20.2","PSISF21.2","PSISF22.2","PSISF23.2","PSISF24.2","PSISF25.2","PSISF26.2","PSISF27.2","PSISF28.2","PSISF29.2","PSISF30.2","PSISF31.2","PSISF32.2","PSISF33.2","PSISF34.2","PSISF35.2","PSISF36.2","AIRS1.2","AIRS2.2","AIRS3.2","AIRS4.2","AIRS5.2","AIRS6.2","AIRS7.2","AIRS8.2","AIRS9.2","AIRS10.2","MPCA1.3","MPCA2.3","MPCA3.3","MPCA4.3","MPCA5.3","MPCA6.3","MPCA7.3","MPCA8.3","MPCA9.3","MPCA10.3","MPCA11.3","MPCA12.3","MPCA13.3","MPCA14.3","MPCA15.3","MPCA16.3","MPCA17.3","MPCA18.3","MPCA19.3","MPCA20.3","MPCA21.3","MPCA22.3","MPCA23.3","MPCAG1.3","MPCAG2.3","MPCAG3.3","MPCAG4.3","MPCAG5.3","MPCAG6.3","MPCAG7.3","MPCAG8.3","MPCAG9.3","MPCAG10.3","MPCAG11.3","MPCAG12.3","MPCAG13.3","MPCAG14.3","MPCAG15.3","EIPSES1.3","EIPSES2.3","EIPSES3.3","EIPSES4.3","EIPSES5.3","EIPSES6.3","EIPSES7.3","EIPSES8.3","EIPSES9.3","EIPSES10.3","EIPSES11.3","EIPSES12.3","EIPSES13.3","EIPSES14.3","EIPSES15.3","EIPSES16.3","PSISF1.3","PSISF2.3","PSISF3.3","PSISF4.3","PSISF5.3","PSISF6.3","PSISF7.3","PSISF8.3","PSISF9.3","PSISF10.3","PSISF11.3","PSISF12.3","PSISF13.3","PSISF14.3","PSISF15.3","PSISF16.3","PSISF17.3","PSISF18.3","PSISF19.3","PSISF20.3","PSISF21.3","PSISF22.3","PSISF23.3","PSISF24.3","PSISF25.3","PSISF26.3","PSISF27.3","PSISF28.3","PSISF29.3","PSISF30.3","PSISF31.3","PSISF32.3","PSISF33.3","PSISF34.3","PSISF35.3","PSISF36.3","AIRS1.3","AIRS2.3","AIRS3.3","AIRS4.3","AIRS5.3","AIRS6.3","AIRS7.3","AIRS8.3","AIRS9.3"
"1",1,1,"CC",1,2,"Tara",30,2,3.5,1,1,NA,1,NA,1,NA,1,NA,1,NA,5,NA,2,NA,44000,1,0,0,1,0,2,2,2,2,1,NA,2,2,2,2,1,NA,90,2,NA,3.5,2,NA,NA,NA,NA,NA,NA,NA,NA,NA,NA,NA,NA,1,"Husband/Inlaws",4,4,1,3,5,5,5,5,4,5,5,3,3,5,5,3,5,3,5,3,4,4,5,5,4,3,5,5,5,5,5,5,3,5,5,5,5,5,5,5,5,5,1,1,4,3,4,3,2,7,3,6,1,3,6,2,6,6,4,2,4,4,4,2,2,4,5,4,4,4,5,5,5,5,4,2,4,4,4,3,5,5,4,3,3,2,2,5,2,4,1,5,1,1,2,3,2,3,3,2,2,3,2,2,3,5,4,4,4,4,1,3,2,3,5,5,5,3,5,1,4,3,3,2,4,5,3,5,5,4,5,4,5,5,4,4,5,5,5,3,5,5,1,3,4,1,4,4,1,5,3,6,1,7,7,1,6,4,4,5,4,4,4,5,4,4,4,4,4,4,4,3,4,4,4,4,4,5,4,2,5,4,4,5,3,3,2,4,4,3,2,4,3,2,2,2,3,2,3,2,3,2,2,2,4,5,3,4,4,5,5,1,3,4,3,5,4,3,5,3,4,3,3,2,5,3,4,4,4,5,5,5,5,4,4,5,5,5,5,3,5,4,2,4,7,3,6,6,1,3,5,5,2,4,7,2,5,7,4,3,3,2,4,5,4,5,4,4,3,3,5,4,5,4,4,4,5,5,2,2,5,4,3,3,3,1,2,5,3,2,3,2,4,3,2,2,3,2,2,2,2,2,2
"2",2,2,"AAAA",1,3,NA,26,NA,5,2,1,NA,2,NA,1,NA,3,NA,NA,NA,4,NA,1,NA,NA,NA,NA,NA,1,1,2,1,2,2,2,NA,2,1,2,2,2,NA,150,4,NA,9,2,NA,NA,NA,NA,NA,NA,NA,NA,NA,NA,NA,NA,NA,NA,3,3,2,3,3,3,2,3,2,4,4,2,4,5,5,5,5,1,5,2,3,3,5,5,5,4,5,1,1,4,4,5,4,5,5,5,5,5,5,5,5,5,2,2,6,2,5,4,2,2,3,5,1,5,6,2,6,6,5,5,5,5,5,4,4,5,4,3,4,4,5,5,5,5,4,4,4,4,4,1,5,5,5,5,4,4,1,5,4,4,1,3,2,2,3,2,3,2,3,2,3,2,3,3,3,3,4,4,3,4,3,5,3,3,4,4,4,2,4,1,2,2,2,4,4,3,3,5,5,5,5,5,5,4,2,4,5,5,5,3,5,5,2,3,5,2,4,4,1,3,3,5,1,4,7,3,7,6,4,3,5,4,3,4,3,4,5,3,4,5,4,3,5,5,2,2,5,5,3,2,5,3,2,3,2,2,2,4,2,2,1,2,3,4,1,2,3,3,2,1,2,2,2,3,4,4,4,4,5,5,5,4,2,4,3,3,4,3,5,2,3,2,2,3,4,3,3,4,5,5,5,4,5,5,4,5,5,5,5,5,5,5,2,1,4,2,4,5,2,4,4,6,2,4,5,2,3,5,4,3,4,3,4,4,5,5,5,4,4,4,5,4,5,5,2,4,5,4,3,2,5,4,3,3,3,2,2,5,2,1,3,2,5,5,2,2,3,2,2,2,3,2,2
"3",3,3,"ABJB",1,3,NA,32,2,4,1,2,NA,2,NA,2,2,1,NA,1,NA,5,NA,NA,"Student",NA,0,0,0,1,1,1,1,1,2,2,NA,2,1,2,2,2,NA,330,NA,"Home",9.5,2,NA,NA,NA,NA,NA,NA,NA,NA,NA,NA,NA,NA,1,NA,3,3,3,3,3,5,3,3,3,4,4,3,2,2,3,3,4,5,4,3,2,2,2,2,4,3,3,5,4,4,4,3,4,4,4,4,4,4,5,3,2,3,2,3,6,3,4,6,2,2,4,6,2,3,6,2,5,4,2,2,3,2,2,4,3,4,4,4,4,4,4,4,4,4,2,5,3,3,4,3,3,4,4,5,4,4,1,4,3,2,1,4,2,2,2,2,2,2,3,2,2,2,2,2,3,5,2,3,2,5,3,1,3,3,3,4,3,2,3,3,5,2,2,3,4,3,3,5,5,5,4,4,4,5,4,4,5,5,5,5,5,4,2,2,4,2,3,4,1,6,3,6,1,6,6,1,5,6,5,1,4,4,2,2,4,4,4,3,4,4,4,4,3,5,2,2,2,2,2,2,5,4,2,4,4,3,4,5,1,2,1,3,2,2,2,2,2,3,3,2,2,2,2,3,3,3,3,4,2,5,4,3,1,3,4,4,4,2,5,3,3,3,3,4,4,3,4,4,5,4,5,4,4,5,2,5,5,5,4,4,4,4,1,2,6,2,5,6,2,4,3,6,3,6,6,2,3,4,4,3,4,3,3,4,5,4,3,4,5,4,5,3,4,5,3,1,4,5,1,2,4,4,3,5,3,1,1,4,2,2,2,4,4,3,2,2,2,2,2,2,2,2,2
"4",4,4,"ABMG",2,4,NA,37,2,3,2,4,"4.0",2,"Pierre Robin, Cleft Palat",4,2,3,NA,2,NA,3,NA,2,NA,4708,0,0,3,1,1,1,1,1,1,1,NA,1,1,1,2,1,NA,720,2,NA,17,2,NA,NA,NA,NA,NA,NA,NA,NA,NA,NA,NA,NA,1,NA,4,4,4,3,5,4,3,3,2,4,4,2,3,4,3,3,3,2,5,3,4,2,5,5,5,2,4,4,4,5,5,5,5,4,5,5,4,5,5,2,5,5,1,1,3,4,3,2,1,4,5,4,1,5,5,2,7,7,5,4,5,5,3,5,2,5,4,2,2,4,5,4,4,5,4,3,4,5,3,2,5,4,5,5,4,5,1,5,4,2,2,3,2,2,3,3,3,2,3,2,2,2,3,2,5,4,5,5,2,4,2,5,3,3,2,4,5,4,5,2,1,1,3,5,4,3,3,4,5,5,5,5,5,5,2,5,5,5,5,3,5,5,2,3,7,1,3,7,1,3,3,6,1,1,7,1,7,7,5,2,5,4,4,5,5,5,5,1,5,5,5,3,5,5,1,2,5,5,1,2,5,4,2,4,2,1,1,5,1,1,1,2,3,5,2,2,3,2,3,1,1,1,2,3,5,4,4,5,4,5,5,5,2,4,3,3,3,2,5,2,3,2,2,4,4,3,4,4,5,4,5,4,5,5,4,5,5,5,5,5,5,5,1,1,5,1,6,3,1,3,2,5,1,4,7,1,1,6,4,5,5,4,4,5,4,5,5,5,4,5,5,4,5,5,2,4,5,5,2,3,5,4,2,3,4,1,1,5,1,1,5,2,4,5,3,3,3,3,1,3,2,2,2
"5",5,5,"ABRB",2,2,"Lucera",24,2,4,1,1,NA,2,NA,2,2,5,NA,1,NA,5,NA,3,NA,NA,0,0,0,1,1,2,2,2,2,1,NA,2,2,2,2,1,NA,56,5,"Headstart",22,2,NA,NA,NA,NA,NA,NA,NA,NA,NA,NA,NA,NA,1,NA,3,3,5,2,3,3,2,3,3,4,3,3,4,3,3,2,4,2,5,1,3,4,4,4,3,2,3,4,4,3,4,4,5,4,3,5,4,4,4,5,5,4,2,3,4,4,5,4,2,6,4,7,1,2,6,3,7,6,4,5,4,5,5,5,5,4,4,4,4,4,4,5,4,4,2,3,4,5,3,2,5,4,4,5,2,2,2,4,5,3,2,2,4,2,2,2,3,2,2,2,3,2,2,3,3,3,4,3,5,5,5,5,1,4,5,4,5,1,4,3,4,4,3,4,4,3,4,5,5,4,5,3,5,5,2,4,5,3,5,3,5,5,2,2,4,3,5,6,2,2,4,6,3,4,6,3,4,5,2,4,5,5,5,2,2,5,5,4,2,5,5,4,5,5,1,2,5,2,2,2,5,3,1,3,1,1,1,5,2,2,2,2,4,3,2,2,2,3,1,3,3,2,2,3,3,4,3,4,4,5,5,3,2,3,3,5,4,2,5,1,3,3,3,5,5,2,2,5,5,5,5,4,4,5,2,5,4,5,5,3,5,5,1,1,7,2,6,6,2,7,4,6,2,4,5,3,5,3,4,2,3,3,4,4,3,4,5,5,4,5,5,5,4,5,2,2,5,2,4,2,5,3,2,5,2,3,2,5,2,1,2,2,5,5,2,2,3,3,3,3,3,2,2
"6",6,6,"AECC",2,2,"Rosa",23,2,4,1,1,NA,2,NA,1,NA,6,"Latino/a-Hispanic",1,NA,4,NA,NA,"Stay at home mom",0,0,NA,0,3,0,2,2,2,2,1,NA,2,2,2,2,1,NA,180,2,NA,15,2,NA,NA,NA,NA,NA,NA,NA,NA,NA,NA,NA,NA,1,NA,1,1,6,2,5,3,2,4,3,4,4,3,2,3,2,3,3,4,4,1,3,1,1,3,4,1,4,5,5,4,5,4,5,4,2,4,4,5,5,5,5,5,1,2,4,3,3,4,2,3,4,5,2,5,5,2,5,3,4,4,4,4,4,4,4,5,3,4,4,5,4,4,4,5,2,5,4,5,4,2,4,3,4,4,4,4,3,4,5,2,1,4,2,2,2,3,2,2,3,2,2,2,1,2,3,5,4,4,5,5,4,2,2,4,4,4,4,5,4,4,3,2,2,2,4,2,3,5,5,5,5,4,5,5,2,5,5,5,5,5,5,1,2,2,5,2,6,6,4,2,2,6,2,6,6,2,2,6,5,2,5,4,4,3,2,5,2,3,2,2,5,5,5,5,2,2,5,4,2,1,5,4,4,5,4,2,2,5,2,2,1,4,2,3,2,2,2,2,3,2,2,2,2,3,3,4,3,4,3,5,5,3,1,3,5,4,5,3,4,3,4,4,2,4,4,4,3,5,5,5,5,5,5,4,4,5,5,5,4,5,5,5,1,3,6,2,7,5,1,6,4,5,1,5,5,1,5,6,4,3,3,4,4,5,4,5,4,5,4,5,4,3,4,4,2,2,4,4,3,2,5,3,2,4,3,2,2,4,2,2,2,2,3,4,2,3,2,2,2,2,3,2,2
"7",7,7,"AFCF",1,2,"Jenna",31,2,3.5,1,1,NA,2,NA,2,2,1,NA,1,NA,5,NA,2,NA,NA,0,0,0,1,1,1,1,2,2,1,NA,2,1,2,2,1,NA,300,2,NA,15,2,NA,NA,NA,NA,NA,NA,NA,NA,NA,NA,NA,NA,1,NA,4,4,7,3,4,5,5,5,5,4,5,3,3,4,3,5,5,3,5,2,4,3,4,3,3,3,3,4,4,4,5,2,4,5,2,4,4,5,2,3,3,2,1,2,7,3,7,7,1,6,3,7,2,2,7,3,7,7,2,4,5,2,2,5,3,4,4,5,4,4,4,4,4,4,4,2,4,4,2,3,4,4,2,4,2,2,2,5,4,1,3,2,4,4,3,3,3,3,3,2,3,3,2,3,3,3,2,3,4,5,5,3,2,4,3,4,5,3,4,5,2,3,1,3,5,3,3,5,5,5,4,2,5,5,2,5,5,5,5,5,4,4,3,3,7,3,6,5,1,6,3,7,2,3,4,3,6,6,2,2,3,4,4,3,2,5,5,3,2,4,4,4,4,5,3,4,4,4,2,2,4,2,2,3,2,3,2,5,2,1,1,2,3,3,3,3,3,3,3,3,2,1,2,3,3,4,4,3,3,5,4,3,2,3,2,4,5,4,5,1,2,4,2,4,5,2,3,5,5,4,5,3,5,5,1,5,5,5,4,2,4,4,3,2,7,3,7,5,2,7,3,6,3,2,6,2,7,4,3,3,4,2,2,3,2,4,3,4,3,3,4,4,4,4,3,1,4,3,3,3,3,5,3,5,3,2,2,5,1,2,1,4,1,3,2,2,2,3,3,3,3,2,2
"8",8,8,"AHOS",2,4,NA,47,2,5,1,2,NA,2,NA,3,2,1,NA,1,NA,6,NA,1,NA,12000,NA,NA,NA,2,0,1,1,1,1,1,NA,1,2,2,2,2,NA,1080,NA,"Glen Paul",33.5,2,NA,NA,NA,NA,NA,NA,NA,NA,NA,NA,NA,NA,1,NA,3,3,8,3,5,4,3,3,5,5,4,3,3,2,4,4,4,4,5,2,2,1,2,3,3,2,3,5,5,4,4,4,4,4,3,3,4,4,4,4,4,4,3,4,7,1,4,7,2,1,5,4,1,1,6,3,3,3,2,2,2,3,4,4,2,1,2,3,4,3,4,3,4,4,2,2,5,2,5,2,4,5,5,2,3,4,3,5,3,2,1,5,2,3,2,2,2,2,2,2,2,2,1,2,1,5,1,3,1,5,3,1,2,5,4,3,3,2,3,2,3,2,2,1,2,1,1,5,5,5,5,5,3,5,2,4,5,5,5,5,5,5,1,1,7,1,7,7,1,3,4,7,1,6,7,1,3,4,5,1,3,4,1,5,4,1,1,4,4,4,5,5,1,5,2,1,1,1,1,1,5,5,2,5,4,3,1,5,1,1,1,2,3,4,2,2,2,2,2,1,2,2,2,2,3,3,2,3,3,4,3,1,2,3,5,4,3,2,5,2,2,4,3,2,4,3,4,5,5,5,5,2,2,5,4,2,5,5,5,5,5,5,1,3,7,1,7,7,1,1,1,6,1,7,7,1,3,6,5,1,5,2,2,4,4,2,2,4,5,5,4,2,4,4,2,2,2,5,2,1,4,4,2,5,2,1,1,2,1,1,3,2,4,2,3,2,2,2,3,2,2,2,2
"9",9,9,"AMEM",3,3,NA,33,2,3,1,1,NA,2,NA,1,2,3,NA,2,NA,5,NA,1,NA,0,NA,0,0,4,1,1,2,2,2,2,NA,1,2,2,2,2,NA,330,1,NA,35,2,NA,NA,NA,NA,NA,NA,NA,NA,NA,NA,NA,NA,1,NA,4,4,9,3,5,4,4,3,3,5,5,5,1,2,3,5,3,3,5,2,3,4,4,1,4,2,3,5,5,4,5,4,5,4,4,4,4,5,5,5,4,4,1,2,6,3,5,6,2,6,3,3,2,4,6,3,7,7,3,3,3,2,4,5,4,5,4,4,5,4,3,3,4,4,5,4,4,2,2,2,4,5,2,5,4,5,1,4,4,2,2,2,4,5,3,2,3,2,3,2,2,2,2,2,2,3,1,3,3,5,5,4,1,1,3,4,3,5,5,5,1,1,3,2,4,2,3,4,5,2,4,4,4,4,2,4,5,5,3,5,4,4,2,2,3,3,5,3,3,4,2,3,4,5,6,3,3,5,2,2,3,2,1,4,2,4,2,3,2,2,5,3,5,4,2,2,4,2,2,3,3,4,2,3,2,2,1,5,2,1,3,2,4,4,1,2,2,3,3,2,2,2,2,1,4,5,4,3,4,4,5,5,1,4,4,4,5,3,4,2,4,5,5,4,4,5,4,5,5,4,3,3,4,4,2,2,4,5,4,5,5,4,1,2,3,2,6,7,2,4,2,6,2,3,6,4,4,7,2,2,3,2,3,4,2,1,3,3,1,3,1,4,4,4,1,2,4,2,3,3,4,5,4,5,3,4,2,4,2,3,3,2,3,3,2,3,3,2,2,3,3,2,1
"10",10,10,"AMMM",1,2,"Heidi",42,2,4,1,2,NA,2,NA,2,2,1,NA,1,NA,6,NA,1,NA,1e+05,0,0,0,1,1,1,1,2,2,1,NA,1,1,2,2,1,NA,720,2,NA,27,1,1,1,1,1,2,NA,10,720,4,1,2,NA,1,NA,4,4,10,3,3,2,3,3,3,4,3,2,3,2,3,3,3,1,4,2,3,3,2,1,3,3,2,4,4,3,3,3,4,4,2,3,4,5,2,2,4,3,2,3,6,4,7,7,1,7,5,6,4,3,6,3,7,6,2,2,2,4,4,4,1,4,4,2,2,2,4,4,4,4,2,1,2,2,4,2,3,2,2,4,2,4,2,4,4,1,2,2,2,5,2,2,2,2,2,1,2,3,2,3,3,3,3,3,3,4,4,2,3,2,4,4,4,3,3,2,3,4,4,3,4,4,2,5,4,4,4,2,4,4,3,4,4,5,3,3,4,3,3,3,5,4,6,6,1,5,5,5,2,2,5,3,6,6,4,2,4,4,4,4,2,4,2,2,2,4,4,2,4,4,2,2,3,2,4,2,4,3,2,4,2,4,2,4,4,1,2,3,4,5,3,2,2,2,3,3,3,2,3,2,3,3,3,4,3,5,4,2,1,2,3,4,4,2,3,1,4,3,3,3,3,3,3,4,3,4,4,2,4,4,1,4,4,5,2,2,3,4,2,3,7,3,7,5,1,6,4,5,2,2,5,2,5,4,2,2,3,4,2,4,2,3,2,2,2,2,4,2,4,4,3,1,4,1,4,2,3,2,1,4,2,2,1,4,1,1,2,2,4,5,2,2,2,2,3,2,2,2,2
"11",11,11,"ANSN",1,1,"Carole",34,2,2.75,2,1,NA,NA,NA,1,NA,1,NA,1,NA,8,"Associates",4,"Relief",NA,1,0,0,1,1,1,NA,2,2,1,NA,1,NA,2,2,1,NA,120,1,NA,18,2,NA,NA,NA,NA,NA,NA,NA,NA,NA,NA,NA,NA,NA,NA,3,3,11,2,3,5,3,3,3,5,5,3,1,2,3,4,5,4,5,3,3,3,4,2,5,3,3,5,5,5,5,4,5,5,2,5,5,5,5,5,5,5,3,3,5,5,7,7,4,4,5,6,2,1,6,2,6,7,4,4,4,2,2,4,4,4,4,2,5,5,5,4,5,5,2,1,5,1,2,2,5,5,2,4,2,2,1,5,4,1,2,2,4,3,2,2,2,3,2,1,3,2,3,3,3,5,4,4,3,5,5,2,1,3,4,4,3,5,4,1,4,4,4,2,4,2,2,5,5,5,4,3,5,4,4,5,5,5,5,4,5,4,1,3,4,2,5,7,1,6,4,5,3,6,7,2,7,5,4,3,4,4,2,2,2,4,2,4,3,4,5,4,4,4,1,1,3,1,2,2,4,4,2,4,2,2,1,4,2,2,3,2,4,4,2,2,2,2,2,2,3,1,2,2,3,4,3,5,4,5,5,2,3,2,5,5,4,3,3,2,4,4,3,5,5,3,4,5,4,4,5,3,3,4,3,5,5,5,5,5,5,4,1,3,7,2,6,5,2,7,3,7,2,3,6,2,6,5,2,2,3,2,4,4,3,4,3,3,5,4,4,3,4,5,1,2,5,2,1,3,5,4,4,5,2,2,1,4,2,2,4,2,5,4,2,3,3,2,2,2,2,2,2
"12",12,12,"BBBB",2,2,"Tara",NA,NA,NA,NA,1,NA,2,NA,2,1,1,"Samoan",1,NA,5,NA,2,NA,70000,0,2,2,1,1,2,2,2,2,1,NA,2,1,2,2,2,NA,14,2,NA,18,2,NA,NA,NA,NA,NA,NA,NA,NA,NA,NA,NA,NA,1,NA,2,2,12,3,1,5,3,4,5,5,5,3,2,3,4,5,3,3,4,3,3,4,4,4,5,3,4,4,4,4,5,4,4,4,4,2,4,5,4,3,3,3,1,2,5,3,7,4,1,7,4,7,4,5,6,1,7,7,3,3,5,4,4,5,5,5,5,5,5,5,5,4,4,5,5,5,3,3,3,2,4,4,3,5,4,2,1,4,4,2,2,1,2,2,2,3,3,3,2,2,2,2,2,3,3,3,2,3,3,5,5,2,2,2,3,5,5,2,4,5,3,1,1,5,5,2,5,3,2,4,2,2,4,4,1,3,4,5,2,3,2,1,5,3,5,3,5,3,3,5,3,6,3,1,3,3,6,6,2,1,2,2,2,1,2,2,4,4,2,2,3,3,5,5,1,4,5,4,3,4,3,1,2,2,2,3,1,4,1,1,5,1,4,4,3,3,3,3,3,3,1,1,2,2,3,5,4,3,3,5,5,5,2,5,3,4,5,5,4,2,3,3,2,5,4,2,3,5,4,3,4,2,4,5,1,4,5,4,4,2,2,4,2,3,3,4,4,3,1,7,5,4,3,2,6,1,7,4,2,4,3,2,3,4,3,4,5,4,3,3,4,4,4,5,1,1,5,1,3,3,3,4,3,4,2,3,2,4,2,3,1,2,2,1,2,2,3,3,3,3,3,2,1
"13",13,13,"BLDF",3,3,NA,36,2,5,1,NA,"4.0",2,"Moderate Int Delay",4,2,NA,"White",1,NA,4,NA,3,NA,13000,0,0,0,2,0,1,1,1,2,2,NA,1,1,1,2,2,NA,720,2,NA,27,NA,NA,NA,NA,NA,NA,NA,NA,NA,NA,NA,NA,NA,1,NA,4,4,13,3,5,3,3,5,3,4,5,5,2,5,2,2,4,3,5,2,3,2,3,5,4,2,5,4,3,4,5,2,5,4,2,5,4,5,2,3,4,3,2,4,3,4,7,5,1,4,3,6,2,2,6,3,7,5,3,3,4,4,4,2,2,5,5,5,3,4,5,4,4,5,2,4,4,5,3,3,5,4,3,3,2,2,2,3,2,2,1,5,2,3,3,3,3,3,2,2,3,2,1,2,3,5,3,3,5,5,5,3,1,5,3,4,5,3,3,1,2,3,3,5,5,4,5,5,3,5,5,4,4,5,2,4,5,4,5,4,5,3,2,1,6,3,6,6,2,3,2,7,2,6,7,2,5,5,4,5,4,4,5,3,4,4,4,4,4,4,5,5,5,5,4,5,5,5,4,1,2,3,5,5,5,3,2,5,5,2,1,4,2,1,2,3,2,3,2,2,3,3,2,3,2,5,2,2,3,5,4,2,3,4,4,5,5,5,5,3,3,2,2,3,4,3,3,5,4,5,5,4,5,5,5,5,5,5,5,3,5,5,1,1,7,1,7,4,1,6,2,4,1,3,7,3,6,7,5,1,2,4,4,5,2,4,4,4,2,3,5,4,4,4,4,4,4,4,3,1,5,4,4,4,4,2,2,4,2,1,1,2,3,4,1,2,2,2,3,2,2,2,2
"14",14,14,"BRSS",1,1,"Carole",22,2,2,2,1,NA,2,NA,1,NA,3,NA,1,NA,5,NA,1,"Full time student",12000,4,1,0,3,0,1,2,2,2,1,"Itinerant teacher",2,2,2,2,1,NA,446,2,NA,24,1,2,2,1,2,2,NA,4,28,3,1,2,NA,1,NA,4,4,14,3,3,4,3,3,3,5,2,1,2,4,3,4,2,2,3,1,2,3,3,2,3,3,2,5,3,5,4,5,4,5,3,5,5,5,5,3,5,5,2,3,7,2,4,5,1,6,4,6,2,2,3,2,6,5,2,4,4,5,3,4,3,1,2,2,2,3,5,3,4,2,4,2,4,2,3,2,4,2,4,4,3,4,3,5,3,2,1,2,2,3,2,2,3,2,3,2,2,2,2,3,4,4,3,3,2,4,3,3,2,3,4,3,3,2,4,1,3,4,2,3,4,3,2,4,5,4,4,4,5,5,4,5,5,5,5,3,5,4,2,3,7,3,4,5,2,6,3,3,3,3,3,1,6,7,2,3,4,4,3,5,2,3,2,2,2,4,4,2,4,4,2,2,4,2,2,2,5,5,2,5,2,3,2,4,2,3,2,2,4,4,3,2,3,2,3,2,2,1,2,3,4,4,3,4,3,5,4,2,1,2,3,4,4,2,4,1,4,3,3,5,5,3,3,5,5,5,5,4,4,4,3,5,4,5,4,4,4,5,3,4,7,2,6,5,2,3,3,5,1,3,5,2,2,4,3,2,3,4,3,4,4,4,3,3,4,4,4,3,4,4,2,2,4,2,2,3,5,4,2,3,2,2,1,5,2,1,3,4,4,5,2,2,2,2,2,2,3,2,2
"15",15,15,"CCCC",2,4,NA,37,2,3,2,4,"4.0",2,"Pierre Robin, Cleft Palat",4,2,3,NA,2,NA,3,NA,2,NA,4708,0,0,3,1,1,1,1,1,1,1,NA,1,1,1,2,1,NA,720,2,NA,17,2,NA,NA,NA,NA,NA,NA,NA,NA,NA,NA,NA,NA,1,NA,4,4,15,3,5,4,4,4,5,4,4,5,4,4,5,2,5,5,5,3,4,5,5,5,4,3,4,5,5,4,4,4,4,4,5,2,4,4,4,5,5,4,2,1,5,2,4,3,2,4,2,4,1,3,7,2,7,4,3,4,4,4,3,5,3,4,3,3,3,5,4,5,4,4,2,2,5,3,4,2,3,5,4,3,3,3,5,5,4,3,3,3,2,3,2,3,2,3,2,2,2,3,2,2,1,2,1,3,4,2,3,5,1,2,4,4,5,5,5,5,1,1,1,3,3,1,3,5,5,2,5,3,5,5,2,5,5,5,5,3,5,5,2,4,4,2,4,5,2,3,3,6,2,6,6,2,4,2,2,1,2,2,2,4,3,2,4,3,3,2,2,3,2,4,1,1,1,2,1,1,4,2,1,2,1,1,1,4,2,1,2,2,4,5,2,1,2,1,2,1,2,1,1,1,4,4,4,4,5,4,5,5,3,2,4,3,5,2,5,2,3,4,3,1,4,3,4,4,3,3,4,3,4,4,3,2,4,5,3,3,5,2,2,3,7,2,6,5,1,5,5,6,3,4,5,3,6,7,2,2,4,2,2,4,2,2,4,3,3,3,4,4,4,4,1,2,4,5,3,3,4,3,2,4,3,2,1,4,2,1,3,1,5,2,3,2,3,3,2,3,2,2,2
"16",16,16,"CCJD",3,3,NA,21,2,4,1,1,NA,2,NA,1,NA,6,"European Hispanic",1,NA,5,NA,3,NA,30000,1,1,0,2,0,1,1,2,2,2,NA,1,1,2,2,2,NA,540,1,"Preschool",37,2,NA,NA,NA,NA,NA,NA,NA,NA,NA,NA,NA,NA,1,NA,4,4,16,3,5,5,3,4,4,5,4,5,4,4,4,5,3,3,4,2,5,5,5,4,3,5,3,5,5,4,4,3,4,5,5,2,5,5,5,5,5,4,2,3,6,4,5,7,2,7,4,3,1,4,7,3,7,6,3,3,4,4,5,5,4,4,4,3,2,4,4,5,4,4,2,2,3,2,2,2,4,3,3,3,2,5,1,5,4,4,1,3,4,4,2,3,2,3,3,3,3,2,3,2,1,5,2,3,4,4,3,4,2,4,4,4,5,3,5,5,4,2,2,3,5,5,2,5,5,4,5,4,4,5,3,5,5,5,5,5,5,4,3,3,3,3,4,3,2,4,4,6,2,6,6,3,5,2,4,4,4,5,4,4,3,5,4,1,2,4,4,4,5,5,2,2,2,2,3,3,4,2,2,4,2,3,2,5,4,2,2,4,4,4,3,2,2,3,2,2,2,2,2,2,5,3,5,4,5,5,5,3,2,5,4,5,5,4,5,3,4,5,4,4,5,4,4,4,5,5,4,4,5,5,2,5,4,5,4,3,5,4,3,2,7,4,7,7,1,6,5,7,2,3,5,2,5,3,2,2,3,2,4,4,4,4,4,4,2,4,5,5,5,5,2,3,5,5,4,2,5,5,2,4,3,2,2,5,2,3,1,2,4,2,3,2,3,3,3,3,3,2,2
"17",17,17,"CF",1,1,"Sarah",NA,2,2,1,NA,"FB Grandchild",NA,"Not sure",6,2,NA,"White",1,NA,8,"Didn't finish",2,NA,1500,2,3,2,4,0,2,2,2,2,1,NA,1,1,2,2,1,NA,60,NA,NA,3,NA,NA,NA,NA,NA,NA,NA,NA,NA,NA,NA,NA,NA,NA,"Mother",4,4,17,3,5,5,5,5,5,5,5,5,3,5,5,5,5,5,5,4,5,5,5,5,5,4,5,5,5,5,5,5,5,5,5,5,5,5,5,5,5,5,1,1,3,1,3,3,1,1,3,3,1,3,7,2,3,3,5,5,5,5,4,4,1,5,2,4,1,4,5,5,5,5,4,2,5,5,5,2,5,5,5,5,5,4,2,5,4,2,2,4,1,2,1,3,2,3,3,2,2,3,1,2,3,5,2,5,5,4,3,5,3,3,5,5,5,3,4,3,3,1,2,4,5,3,4,4,5,4,4,5,4,4,4,3,4,5,5,5,5,4,2,3,6,2,6,7,2,6,4,7,1,4,7,2,5,6,4,2,4,2,2,4,4,4,5,3,4,2,4,3,3,5,1,3,2,4,2,1,5,3,2,4,2,2,2,4,4,1,1,2,3,4,3,2,2,3,2,1,3,2,2,2,4,5,4,5,5,5,5,5,3,3,3,4,5,3,5,3,3,4,2,4,5,2,4,4,4,4,5,3,4,5,2,4,5,5,4,2,3,4,1,3,7,1,6,5,1,3,4,6,2,5,5,2,5,7,4,2,3,3,2,4,4,3,3,4,4,3,4,2,4,5,2,2,4,5,3,2,3,3,2,4,2,1,1,4,2,1,5,2,5,4,3,2,3,3,2,2,2,1,2
"18",18,18,"CMSM",1,3,NA,28,2,2,1,1,NA,1,NA,2,2,1,NA,1,NA,5,NA,1,NA,35000,0,0,0,1,1,1,2,2,2,2,NA,1,2,2,2,2,NA,300,2,NA,0.75,2,NA,NA,NA,NA,NA,NA,NA,NA,NA,NA,NA,NA,1,NA,2,2,18,2,5,5,5,5,4,5,5,3,2,3,4,5,5,3,5,3,4,4,4,4,5,4,5,5,5,5,5,4,5,5,5,5,5,5,5,5,5,5,1,1,4,2,5,6,1,7,4,6,2,5,6,1,7,6,5,5,5,5,5,5,5,5,5,5,5,5,5,5,5,5,5,4,5,5,5,2,5,5,5,4,5,5,5,5,5,3,1,3,1,1,2,3,3,3,3,3,3,3,2,3,3,4,3,5,3,4,5,3,3,3,5,4,4,3,5,1,4,2,2,4,5,2,4,5,5,4,5,4,5,4,2,4,5,5,5,3,5,5,2,3,7,3,6,6,3,3,4,5,2,4,6,4,5,7,3,2,4,3,2,5,3,4,5,4,2,2,4,3,5,4,2,2,5,4,2,2,4,3,2,4,2,2,1,4,1,2,2,2,4,4,2,2,3,2,2,2,2,3,3,3,5,5,4,5,4,5,5,2,2,2,3,4,5,2,4,1,4,4,2,5,5,3,3,5,5,5,5,4,5,5,3,5,5,5,5,5,5,5,1,3,7,1,7,5,1,6,5,6,1,5,6,2,6,7,5,4,5,3,3,5,4,5,4,4,5,4,5,3,5,5,3,2,5,4,4,2,4,4,3,4,2,2,1,5,3,2,3,2,4,4,2,3,3,3,2,2,3,2,2
"19",19,19,"DUAL",2,1,"Sarah",30,2,2,1,3,NA,2,NA,4,2,3,NA,1,"Spanish",5,NA,1,NA,20000,0,0,NA,1,1,1,2,2,2,1,NA,1,2,2,2,1,NA,60,5,"Glen Paul",3,2,NA,NA,NA,NA,NA,NA,NA,NA,NA,NA,NA,NA,1,"Dad (Husband)",4,4,19,2,3,5,3,4,3,4,4,3,3,2,4,2,3,4,4,2,3,3,5,2,3,3,3,5,4,5,4,3,4,4,4,3,5,4,5,5,4,4,3,2,4,2,3,4,3,7,3,4,1,3,6,2,7,7,3,4,4,2,3,4,3,4,4,2,4,5,4,3,4,4,3,3,3,1,2,3,3,4,3,4,3,4,1,5,4,3,1,3,2,2,2,2,2,3,3,2,2,2,3,2,1,4,1,3,2,3,3,2,3,2,3,3,3,3,4,5,2,1,1,1,5,4,1,5,5,2,5,4,5,5,3,5,5,5,5,4,5,5,1,1,2,2,4,1,1,6,1,5,1,6,6,2,3,4,2,2,3,4,1,2,1,4,2,1,2,2,3,4,4,5,2,2,2,1,2,3,4,4,2,4,2,3,1,4,2,2,2,4,4,3,1,2,1,2,2,1,2,2,1,2,4,3,4,4,3,4,5,3,2,4,4,4,4,2,3,2,4,4,4,1,4,3,4,4,5,5,4,4,5,3,2,4,4,5,4,5,5,4,2,2,5,2,4,7,1,4,5,7,3,2,5,2,5,4,2,3,3,2,4,3,4,3,2,2,2,3,5,3,5,4,1,3,4,4,3,2,4,5,4,4,3,3,2,4,4,3,2,1,4,1,2,2,3,2,2,2,2,2,2
"20",20,20,"DVTV",1,2,"Rosa",48,1,3,1,2,NA,2,NA,2,2,1,NA,1,NA,6,NA,3,NA,1e+05,3,7,7,1,2,1,1,2,2,1,NA,2,1,2,2,1,NA,861,NA,"Special school",23,1,1,2,2,1,2,NA,10,861,2,1,2,NA,NA,"Wife",NA,NA,20,2,4,5,3,4,3,5,5,4,1,4,4,3,4,2,4,2,3,4,4,2,4,3,5,5,5,4,3,3,4,5,2,4,5,5,5,5,5,4,2,2,4,4,3,4,2,6,2,4,2,5,6,2,6,5,4,4,5,3,3,4,3,3,3,4,3,3,4,4,5,5,2,2,2,2,2,1,4,3,2,3,2,2,1,4,3,3,2,2,4,4,2,2,2,2,3,2,2,1,2,3,4,5,4,3,3,4,5,5,3,3,4,5,4,5,5,3,3,5,3,3,5,5,4,5,5,2,5,4,5,4,3,5,5,5,5,4,5,4,1,1,4,3,3,4,2,6,2,5,2,6,6,2,5,4,3,4,4,4,3,4,2,4,2,3,4,5,4,4,5,5,3,2,5,4,4,1,4,3,2,5,2,4,2,3,4,2,3,2,4,4,2,2,2,2,3,3,3,2,2,2,4,3,4,5,4,5,4,4,2,4,5,5,5,4,4,3,4,5,4,5,5,4,4,5,5,4,4,4,4,4,2,4,4,5,4,5,5,5,3,3,4,3,6,6,2,3,4,5,2,4,5,3,3,5,3,2,2,2,4,4,4,4,4,3,2,4,4,4,4,4,2,3,5,2,3,1,4,2,1,4,2,2,1,5,4,2,3,2,5,5,2,3,2,2,2,2,3,2,2
"21",21,21,"EMBM",3,1,"Sarah",24,2,2,1,1,NA,1,NA,1,NA,1,NA,1,NA,4,"Beauty School",1,NA,NA,NA,NA,NA,3,0,1,2,2,2,1,NA,1,2,2,2,1,NA,30,NA,NA,10,1,2,2,1,2,2,NA,4,30,4,1,2,NA,1,NA,4,4,21,2,5,4,2,3,4,5,4,4,3,4,4,4,3,4,2,1,2,2,2,3,4,2,3,5,4,4,5,5,4,4,3,4,5,5,3,4,5,4,2,3,7,2,5,6,1,6,5,7,2,5,6,2,6,4,3,4,3,5,4,3,5,2,5,4,3,4,5,4,4,2,3,4,4,3,4,2,5,2,4,3,4,1,3,5,2,2,2,2,4,1,2,2,3,2,2,2,2,1,2,3,3,3,3,3,3,5,3,2,2,2,3,4,4,2,5,1,2,2,1,3,3,2,3,4,3,5,4,4,5,5,2,4,5,5,5,3,4,4,3,2,7,2,5,7,2,6,3,7,2,3,5,1,6,6,4,2,3,2,3,4,4,2,2,4,4,4,4,3,4,5,2,2,5,4,3,2,4,4,4,5,4,4,2,4,1,2,3,2,4,4,3,2,3,2,3,1,2,2,2,2,4,5,3,4,4,5,5,3,3,3,4,4,4,4,5,3,2,2,2,3,5,3,4,4,4,5,5,3,5,5,3,5,5,5,4,3,5,5,3,4,5,3,6,6,1,4,4,5,2,5,6,2,5,6,4,2,3,4,4,5,4,4,4,4,4,4,4,4,4,4,2,2,2,2,2,2,5,5,2,1,2,2,2,4,1,2,2,2,4,4,2,2,2,2,3,2,3,2,2
"22",22,22,"ESSS",1,1,"Carole",22,1,2,2,1,NA,2,NA,1,NA,3,NA,1,NA,5,NA,2,NA,12000,0,0,0,3,0,1,2,2,2,1,"Itinerant teacher",1,2,2,2,1,NA,446,2,NA,27,1,2,2,1,2,2,NA,4,28,4,1,2,NA,1,NA,4,4,22,3,4,5,3,4,3,5,3,3,1,2,3,4,3,2,4,1,2,4,3,3,3,4,4,5,5,4,4,3,4,5,3,5,5,4,5,5,5,3,2,4,5,4,5,4,2,5,6,4,1,1,5,4,6,4,2,3,3,3,4,3,1,1,2,3,1,1,4,3,4,3,2,2,4,3,4,4,4,3,4,5,3,4,2,4,3,2,2,2,2,3,2,2,3,3,3,2,2,2,1,3,3,5,2,3,5,4,4,3,1,4,4,4,4,3,4,5,3,4,3,3,5,4,3,5,5,4,5,4,5,5,5,5,5,5,5,5,5,5,1,2,4,1,5,5,1,4,2,3,1,5,4,1,4,4,4,4,4,5,4,5,3,5,4,4,2,4,4,4,4,5,4,4,2,2,3,1,5,5,4,5,5,4,2,4,5,2,1,4,3,2,2,2,2,2,3,3,3,2,2,3,3,3,3,3,2,4,4,3,1,4,4,5,5,3,5,3,3,3,3,4,4,2,3,4,4,5,4,5,4,4,4,4,4,5,4,3,4,4,2,4,7,2,6,6,2,1,3,6,2,3,5,4,3,5,2,1,2,3,3,3,2,4,2,3,3,4,4,3,4,3,4,4,4,5,2,3,5,3,2,5,3,2,1,5,4,2,3,4,2,3,3,2,2,2,2,2,3,2,2
"23",23,23,"ETMT",1,2,"Jenna",36,2,3,1,1,NA,2,NA,2,2,1,NA,1,NA,5,NA,4,"Self employed",85000,0,0,0,1,1,1,2,2,2,1,NA,1,2,2,2,1,NA,300,2,NA,31,1,3,2,1,2,2,NA,0,180,4,1,2,NA,1,NA,3,3,23,3,2,4,3,4,4,5,5,2,3,4,5,5,5,4,5,2,3,4,5,5,4,3,5,5,5,5,4,3,4,5,5,1,5,5,5,5,5,3,1,2,6,2,6,6,1,7,2,6,1,3,6,2,7,6,5,2,4,4,4,4,4,4,4,4,4,4,4,4,4,4,4,4,4,4,4,3,4,4,4,4,4,4,3,4,4,3,2,3,2,2,2,3,3,3,3,3,3,2,2,3,1,5,1,4,4,5,3,3,3,4,3,4,5,3,5,5,2,1,2,3,5,3,5,5,5,2,5,5,5,5,2,5,5,5,3,2,4,4,2,3,5,2,6,4,3,2,2,6,2,3,6,3,1,5,2,2,3,2,3,5,2,4,2,2,2,2,5,4,5,5,4,2,3,2,2,3,4,5,4,5,4,2,1,4,1,1,3,4,4,3,3,3,3,3,3,2,2,3,1,2,3,5,4,5,4,5,5,3,4,5,5,5,5,4,5,2,4,4,4,4,5,3,5,5,5,5,5,5,5,5,5,4,5,5,5,5,5,5,1,3,7,2,7,3,1,7,4,6,1,4,7,1,7,6,5,4,5,4,4,5,4,5,5,5,5,5,5,4,5,5,4,4,5,5,5,2,5,5,4,5,5,4,2,5,5,4,2,2,2,1,3,3,3,3,3,3,3,2,2
"24",24,24,"GMMM",3,2,"Heidi",70,2,4,1,5,"1.0",2,"ADHD, Neurofibromitosis",1,NA,1,NA,1,NA,8,"Some Grad School",1,"Retired",85000,NA,NA,NA,1,2,1,1,1,2,1,"Special Ed",2,1,2,2,1,NA,720,1,NA,24,1,1,1,2,2,2,NA,20,3600,3,2,1,NA,1,NA,3,3,24,3,1,4,3,2,3,5,3,2,3,2,4,3,3,2,4,3,4,4,4,3,4,3,3,4,4,5,3,5,4,4,5,2,5,5,5,2,5,4,2,3,7,2,7,4,1,7,6,7,2,5,6,3,7,7,4,2,4,5,5,3,4,5,5,3,3,4,5,3,4,4,5,1,3,3,4,2,5,5,5,2,5,4,5,5,4,3,2,2,2,3,2,2,3,2,3,3,2,3,3,3,1,3,3,3,1,5,3,4,1,2,4,4,3,2,5,1,2,2,3,3,4,4,4,4,2,4,4,3,5,4,2,5,5,5,5,3,5,4,3,5,4,2,3,3,2,1,6,4,3,5,5,3,6,5,3,2,4,4,4,3,2,1,4,3,2,5,5,2,4,4,2,2,5,4,4,4,4,4,2,3,2,3,1,4,1,1,4,2,4,5,3,1,3,2,2,1,2,2,3,1,3,5,4,3,5,4,5,3,2,4,4,4,3,2,4,1,3,2,3,3,5,3,3,5,4,4,5,3,5,4,4,2,5,5,5,4,5,4,5,5,6,5,3,1,1,5,5,4,2,2,6,3,5,6,2,3,5,2,2,4,4,4,4,3,4,4,5,4,5,5,2,2,4,2,4,2,5,2,3,4,3,4,2,4,2,1,4,2,4,3,3,2,3,3,3,3,2,2,1
"25",25,25,"GRCR",1,1,"Carole",29,1,2,1,1,NA,2,NA,1,NA,5,NA,1,NA,5,NA,1,NA,NA,NA,NA,NA,1,1,1,2,1,2,1,NA,2,1,1,2,1,NA,630,NA,NA,3,2,NA,NA,NA,NA,NA,NA,NA,NA,NA,NA,NA,NA,1,NA,4,4,25,3,4,5,4,4,5,5,4,3,3,3,4,5,4,2,5,2,4,5,3,3,5,3,3,4,5,4,4,5,5,5,4,5,5,5,5,5,5,5,2,2,7,4,5,6,1,7,6,7,2,6,6,2,7,7,4,4,4,4,4,5,5,5,5,5,4,5,4,5,5,5,2,4,5,5,4,2,5,2,2,4,3,3,2,4,4,3,1,2,2,3,2,3,3,3,3,3,2,3,2,3,3,3,3,3,4,5,4,2,2,3,5,4,5,4,5,5,3,3,3,4,5,4,4,5,4,5,4,2,5,4,4,4,5,5,5,3,5,4,3,4,5,3,4,4,3,3,4,6,2,3,5,3,7,6,4,4,4,5,5,4,2,5,5,4,2,4,5,3,5,5,3,4,5,5,4,2,5,3,4,4,4,4,2,4,4,3,3,4,3,5,3,2,3,2,3,3,3,2,3,2,3,5,4,4,4,5,5,3,1,4,3,5,5,4,5,3,4,3,5,4,5,5,3,4,3,5,5,3,5,4,2,5,5,5,4,3,4,4,3,4,7,4,7,4,1,6,5,6,3,2,5,3,7,6,2,3,3,5,4,5,3,5,5,5,5,4,4,4,5,5,4,2,5,2,3,3,5,4,3,4,3,3,2,5,2,3,2,3,5,3,2,2,3,3,3,3,3,2,1
"26",26,26,"GWEW",3,3,NA,43,2,9,2,3,NA,3,"PDD, ADHD, Sensory Proces",5,1,6,"European and Native",1,NA,7,NA,4,"Volunteer Part Time",38000,3,0,0,1,2,2,2,2,2,2,"Counseling, OT",2,2,2,2,2,"Counseling",360,5,"Elementary Sch",30,1,2,1,2,2,2,NA,2,1650,3,2,2,"Seminars, Counselors Offi",1,"Spouse",4,3,26,2,1,4,5,3,4,5,5,2,2,2,5,5,4,1,5,3,5,5,4,1,5,3,3,4,4,4,3,5,3,5,4,3,4,4,5,2,4,4,1,1,5,4,3,5,1,5,6,4,2,3,5,2,6,6,3,2,3,3,4,3,1,4,3,4,2,4,4,3,5,5,4,3,4,3,4,1,5,2,2,4,3,2,1,4,3,2,3,2,2,3,2,2,2,2,3,1,2,2,1,2,3,3,4,5,3,4,3,4,2,2,3,5,4,2,5,5,4,4,5,3,4,3,4,4,4,4,2,4,4,4,3,3,4,5,2,2,4,5,2,1,3,2,2,4,1,5,3,6,1,2,6,1,7,2,4,4,3,4,2,5,3,2,4,4,4,2,4,2,4,4,2,5,4,5,5,2,5,3,4,4,4,5,2,3,5,1,3,2,4,4,3,2,2,2,3,3,3,3,3,1,2,5,3,4,4,5,5,3,1,4,2,5,5,4,4,3,3,3,3,4,4,2,4,2,2,2,3,2,3,3,1,2,4,4,2,1,2,2,3,4,6,4,6,5,1,1,4,5,3,3,6,3,2,6,2,1,1,2,2,4,2,3,4,4,2,2,1,1,4,4,5,3,5,2,2,3,2,2,2,4,1,1,1,5,2,1,5,1,5,5,3,2,3,2,2,2,2,1,2
"27",27,27,"GWLW",3,3,NA,43,2,5,1,NA,"4.0",2,NA,5,1,6,"European and Native",1,NA,7,NA,2,NA,38000,3,0,0,1,2,1,1,1,2,2,"Headstart, E Interve",1,1,1,2,2,NA,1680,3,"Behavioral Ther",30,1,2,1,2,2,2,NA,2,1683,3,2,1,"Seminars",1,"Spouse",4,3,27,2,4,5,5,5,5,5,5,3,2,3,4,5,3,5,5,2,5,3,4,1,5,3,3,4,4,4,4,5,1,4,5,5,2,5,3,5,3,3,1,1,7,2,4,4,1,3,4,6,2,3,6,2,3,6,2,2,4,2,2,3,2,2,3,5,1,3,4,3,4,4,4,3,4,3,4,4,4,4,3,5,5,2,2,4,2,1,3,1,2,4,2,2,2,2,3,2,2,2,1,2,1,3,2,3,4,5,1,3,2,2,3,5,5,3,4,5,2,2,2,4,5,2,3,3,3,5,4,3,5,5,3,1,4,5,3,5,5,4,2,3,3,1,3,4,1,7,2,7,1,2,4,1,6,4,3,1,3,2,4,5,4,4,4,4,4,2,4,2,3,5,2,5,3,5,3,1,5,4,5,4,4,5,1,4,4,2,2,2,4,4,3,2,3,2,3,3,3,2,2,2,2,4,4,3,2,5,5,5,1,2,2,3,4,4,5,3,2,2,2,3,4,2,2,4,2,2,3,2,4,3,2,5,4,5,1,1,1,2,3,4,7,4,7,6,1,1,4,5,3,1,6,3,5,7,2,1,1,2,1,4,1,2,3,4,3,1,2,2,4,3,2,2,4,4,2,3,2,3,2,4,2,1,1,5,2,2,5,5,1,1,3,2,3,3,2,3,2,1,1
"28",28,28,"HMEM",2,2,"Rosa",49,2,3,1,2,NA,2,NA,2,2,1,NA,1,NA,7,NA,2,NA,33000,0,0,0,1,3,1,2,1,2,1,NA,1,2,1,2,1,NA,540,NA,"Home, Sunday Sc",7,1,2,2,2,1,1,NA,1,300,3,2,1,"Online, Book",1,NA,1,4,28,3,3,4,2,4,3,5,5,4,1,2,4,5,5,5,4,2,2,2,2,3,5,2,4,4,3,5,4,3,4,5,2,5,4,4,2,4,3,3,3,2,7,1,7,7,2,5,4,7,2,2,5,3,7,7,3,4,2,3,2,3,4,1,4,4,3,4,5,2,4,2,3,5,5,4,2,4,4,3,4,5,4,4,2,5,2,1,2,3,4,2,3,2,3,3,3,2,2,2,1,2,1,5,1,3,3,4,4,1,2,1,3,4,4,3,3,2,1,2,1,3,4,2,3,5,5,5,5,5,5,5,5,5,5,5,5,5,5,5,2,2,7,2,6,7,1,7,2,6,2,3,7,2,6,7,4,2,3,4,4,3,3,2,3,2,4,2,5,5,2,5,4,2,2,1,3,3,5,5,4,4,4,3,3,5,1,1,1,2,1,2,2,3,2,2,3,1,2,2,2,3,1,5,1,4,5,5,5,3,1,1,3,5,5,3,5,3,2,2,2,5,5,2,5,5,5,5,5,4,5,5,4,5,5,5,5,4,5,5,2,2,7,2,6,7,1,6,2,6,2,3,7,3,6,7,4,3,4,4,3,2,4,4,2,2,4,3,4,4,4,5,4,1,2,2,2,3,5,5,4,4,4,3,2,5,1,2,1,3,2,4,2,2,2,2,2,1,2,2,3
"29",29,29,"JBJB",1,2,"Heidi",37,1,5,1,2,NA,2,NA,2,2,1,NA,1,NA,5,NA,3,NA,57000,0,0,0,1,1,1,2,2,2,1,NA,2,2,2,2,1,NA,210,NA,NA,NA,1,1,2,2,1,2,NA,1,21,1,2,2,"Seminar",1,NA,2,3,29,2,1,4,1,2,2,5,3,1,2,2,2,2,1,2,2,1,2,1,2,1,3,1,2,5,4,3,5,5,5,1,4,5,4,5,5,2,5,3,2,4,5,5,3,3,1,4,7,6,1,2,5,4,7,7,4,4,5,3,4,5,5,5,4,3,1,3,4,2,2,5,4,2,1,3,3,2,5,5,5,5,4,1,2,2,3,1,3,2,4,3,2,1,2,1,2,1,2,1,2,3,3,3,3,3,5,5,5,4,2,2,2,5,4,2,3,3,1,3,3,3,2,3,3,4,2,4,2,3,4,5,2,4,4,5,2,3,4,4,3,3,5,1,3,5,1,6,3,7,2,3,6,1,5,4,4,4,4,4,5,4,5,2,3,3,3,5,5,3,4,4,2,3,4,2,3,1,5,4,4,4,4,4,1,4,1,1,3,1,4,2,2,1,2,2,3,2,3,1,2,2,2,3,2,3,2,5,4,4,2,3,4,4,4,5,5,2,1,1,1,1,4,1,3,5,5,4,4,2,4,5,1,3,5,4,4,1,4,4,2,3,6,3,4,5,2,1,3,5,2,2,5,4,2,3,3,1,2,3,3,4,2,1,4,4,4,4,4,3,3,3,1,2,4,2,3,3,5,3,2,5,2,3,1,4,1,1,3,2,4,4,2,2,3,2,2,2,3,1,2
"30",30,30,"JBNB",1,1,"Sharron",29,2,2,1,1,NA,1,NA,1,NA,4,NA,1,NA,7,NA,1,NA,58000,0,0,0,1,1,1,2,2,2,1,NA,1,2,2,2,1,NA,60,2,NA,9,1,2,2,1,2,2,NA,5,30,4,1,1,NA,1,NA,4,4,30,3,3,3,4,3,2,3,2,3,3,2,2,2,5,5,5,5,2,2,2,3,3,1,1,5,2,5,5,1,5,5,2,5,5,5,5,3,3,4,1,1,7,4,6,4,1,5,5,5,1,1,2,5,6,7,3,2,4,5,3,3,5,4,2,4,4,5,4,2,1,2,4,1,3,1,1,3,4,5,3,2,3,4,2,4,4,1,2,1,4,5,2,2,3,2,3,3,2,2,1,2,3,2,3,4,3,5,5,4,1,1,2,3,3,2,3,1,2,2,3,3,3,2,2,4,2,3,2,2,4,4,2,4,5,5,3,3,4,4,3,5,5,3,5,3,2,3,3,5,4,2,5,3,3,6,2,2,3,2,4,5,2,2,2,2,2,3,4,2,4,2,2,2,4,2,1,4,2,3,4,3,2,1,4,5,2,2,3,2,4,3,2,1,2,2,2,2,2,1,1,2,2,4,3,2,3,4,5,3,1,3,3,4,4,3,4,1,3,3,2,1,4,3,4,4,4,3,4,4,5,4,3,3,4,5,5,3,3,4,2,1,6,4,3,3,2,6,3,4,1,1,7,4,5,4,3,4,4,4,4,4,2,4,4,4,4,3,3,4,4,4,2,1,4,3,2,3,4,4,4,5,3,3,2,4,2,1,2,2,2,4,2,2,2,2,2,2,3,2,1
"31",31,31,"JEJE",2,1,"Carole",NA,NA,NA,NA,4,"4.0",2,NA,4,2,3,NA,2,NA,4,NA,3,NA,14600,0,0,0,3,1,1,2,2,2,1,NA,1,2,2,2,1,NA,195,NA,NA,NA,1,2,2,1,2,2,NA,26,195,2,1,NA,NA,1,"Mother",4,4,31,3,5,4,2,4,3,4,4,3,1,4,3,2,4,1,5,2,2,3,2,3,4,3,5,5,5,4,5,4,5,4,4,5,4,5,5,2,5,5,1,4,4,2,6,3,1,4,5,5,2,3,5,3,7,5,3,2,4,5,5,4,2,5,4,4,1,3,5,3,5,5,2,3,4,5,4,2,5,4,4,5,4,4,2,4,1,2,2,5,1,3,2,2,2,3,2,2,2,3,2,2,5,5,5,5,5,5,5,2,3,5,5,5,5,1,5,1,5,5,5,5,5,5,5,5,5,5,5,5,5,5,5,5,5,5,5,5,5,5,1,1,7,1,7,7,1,5,2,3,1,7,7,2,7,7,5,5,5,5,5,5,5,5,5,5,5,5,5,5,5,5,4,5,5,5,5,1,5,5,5,5,5,5,2,5,5,1,1,5,1,1,2,3,3,1,3,3,3,3,3,3,3,4,2,3,2,5,3,1,1,4,3,5,4,4,4,3,3,1,3,5,4,2,4,5,5,5,5,3,4,5,2,5,5,5,4,3,5,5,2,4,7,1,7,6,1,1,2,5,2,3,5,4,2,7,4,2,2,3,3,4,4,4,2,3,3,4,5,2,4,3,4,4,4,3,3,2,5,2,2,4,3,2,2,4,2,1,2,2,2,5,2,2,2,2,2,2,2,1,2
"32",32,32,"JMGM",2,4,NA,43,2,5,1,1,NA,2,NA,1,NA,1,NA,1,NA,5,NA,2,NA,40000,0,0,0,1,1,1,1,2,2,1,NA,2,1,2,2,2,NA,1080,3,NA,2,1,1,2,1,2,2,NA,9.5,720,4,1,2,NA,1,NA,4,4,32,3,4,5,5,4,5,4,4,5,3,4,3,3,4,3,4,1,4,4,3,4,5,4,3,5,4,5,4,4,5,5,4,5,5,5,5,3,5,5,2,3,6,4,5,5,2,7,5,7,2,5,7,3,7,7,4,4,4,4,3,4,4,4,5,4,4,4,5,4,5,5,2,4,5,5,2,3,5,2,4,4,3,4,1,4,3,2,1,2,2,2,3,2,3,3,3,2,3,3,2,2,3,4,4,3,4,4,4,3,2,4,4,4,5,2,5,2,4,4,4,4,5,4,4,5,5,5,5,4,4,5,5,1,4,5,5,5,5,5,2,2,7,3,6,6,1,6,4,7,2,3,6,2,6,6,4,4,5,4,4,2,4,4,5,4,4,4,5,3,4,4,3,4,4,5,4,2,4,2,4,4,3,3,2,4,4,3,2,3,2,4,3,3,3,3,3,3,3,3,3,3,3,5,3,3,4,5,5,3,2,3,3,4,5,3,5,2,3,3,2,5,5,3,3,5,4,5,5,4,5,5,3,5,5,5,4,3,4,4,2,4,7,3,4,5,2,7,5,6,4,3,5,3,7,6,2,3,3,2,3,3,3,5,4,3,3,2,4,4,4,5,4,2,5,2,4,3,4,3,2,4,3,2,2,5,2,2,2,3,4,5,2,2,3,3,2,2,2,2,2
"33",33,33,"JMLB",2,3,NA,45,2,4.5,1,4,"4.0",2,NA,4,2,6,NA,1,NA,7,NA,3,NA,NA,2,4,4,3,1,1,2,2,2,2,NA,1,2,2,2,2,NA,360,2,NA,12,1,2,2,2,2,2,NA,0,NA,2,2,2,"College classes",2,"Dad",1,1,33,2,3,4,4,3,4,5,4,2,3,2,3,5,5,3,4,2,3,5,5,5,4,4,4,5,5,5,3,3,4,5,5,3,5,4,5,5,5,4,2,2,4,3,3,3,2,7,3,4,2,4,6,1,5,4,5,2,2,3,3,4,4,2,4,2,4,4,4,4,4,4,2,3,4,3,3,2,4,3,4,4,2,2,1,5,5,3,2,2,3,2,2,3,3,3,2,2,2,2,2,3,2,5,2,3,3,4,4,4,1,4,2,4,3,5,5,5,5,3,3,3,5,3,3,5,5,1,5,4,5,4,3,5,5,5,5,2,4,5,1,3,3,3,3,3,3,1,2,1,2,1,2,2,1,2,3,1,4,3,2,4,1,2,1,2,2,2,5,3,4,3,2,1,2,2,2,2,4,3,2,4,2,1,1,2,1,1,3,3,4,4,2,2,2,2,2,2,2,2,2,1,3,4,4,5,5,4,5,3,3,4,4,4,5,2,5,2,4,5,4,5,4,3,4,5,4,5,4,4,4,4,4,2,4,4,4,5,3,3,1,3,6,2,4,3,2,6,5,6,3,5,5,2,4,4,1,3,4,2,3,3,2,4,4,3,3,4,4,4,3,4,2,4,5,4,3,3,4,3,2,5,2,2,1,4,4,2,3,1,4,2,3,3,3,2,2,3,3,2,2
"34",34,34,"JPJB",1,2,"Jenna",32,2,3,1,1,NA,2,NA,1,NA,6,NA,1,NA,5,NA,1,NA,17030,2,7,0,1,2,1,2,1,2,1,"Early Head Start",2,2,2,2,1,"Head start in home",1276,NA,NA,NA,2,NA,NA,NA,NA,NA,NA,NA,NA,NA,NA,NA,NA,1,NA,3,3,34,3,4,5,4,4,4,4,5,5,1,5,2,5,5,3,3,2,2,2,2,5,5,4,4,5,5,5,5,2,5,5,2,5,5,5,4,2,5,5,1,3,3,7,7,6,1,7,6,6,2,3,6,2,7,6,4,2,4,5,4,5,4,5,5,5,4,4,5,4,5,4,2,5,4,5,2,2,5,2,5,4,2,1,1,4,3,1,2,2,2,1,3,3,3,3,2,2,3,2,2,2,3,5,4,3,3,5,5,2,1,4,3,5,5,3,4,1,4,3,4,4,5,3,4,4,3,5,4,4,4,4,4,4,4,5,5,5,4,4,2,1,6,1,6,6,1,5,2,7,2,3,6,2,6,4,5,4,4,3,3,2,4,4,5,4,4,4,5,5,5,5,3,4,5,4,3,2,2,2,4,5,4,3,1,5,2,1,3,3,1,1,2,3,3,3,3,3,2,2,2,3,2,4,2,2,3,5,4,2,2,5,4,5,4,5,4,3,2,2,2,5,5,2,4,5,5,4,5,4,5,5,4,5,5,4,5,3,4,5,1,2,6,2,6,3,1,7,2,4,3,4,6,1,7,4,4,4,3,3,4,4,4,5,4,4,3,4,5,5,4,5,4,2,4,2,2,2,5,4,3,5,3,1,2,4,2,2,1,2,3,4,1,2,2,2,2,2,3,2,2
"35",35,35,"JRIT",2,3,NA,45,2,3,1,2,NA,2,NA,3,2,1,NA,1,NA,7,NA,3,NA,150000,0,0,0,1,1,1,1,2,2,2,"Special Eating",1,1,2,2,2,NA,360,1,NA,4.5,1,1,1,2,2,2,NA,1,1,3,2,2,"Lower Lake High",2,"Husband",4,3,35,3,5,4,4,4,5,5,5,4,1,3,3,2,3,3,4,1,4,2,3,3,5,3,4,4,4,4,5,5,5,1,4,5,4,5,5,2,5,4,1,1,7,3,5,4,2,2,4,6,2,2,6,3,7,6,5,3,4,4,4,4,2,5,2,3,2,3,5,4,4,4,4,3,4,4,5,2,5,5,5,5,5,4,3,4,3,1,2,3,2,3,2,2,2,2,3,2,2,2,2,3,3,4,2,5,5,5,5,5,3,3,3,5,4,2,3,2,2,2,3,4,5,1,3,4,5,5,2,4,5,5,3,2,4,5,3,5,5,5,1,3,7,2,5,7,1,6,5,7,1,3,7,1,5,7,4,2,4,1,2,5,5,5,5,5,4,2,5,2,2,5,2,5,3,4,3,1,5,5,3,5,4,4,1,4,2,1,1,1,4,4,2,2,3,3,3,2,3,3,2,3,3,5,3,4,3,5,4,4,3,2,3,3,4,3,4,1,2,2,2,5,4,2,3,5,4,4,5,2,4,5,2,5,5,5,4,1,4,4,1,3,7,1,6,5,2,3,2,6,2,5,5,3,4,7,4,1,2,3,2,5,2,2,3,4,4,3,4,1,4,4,3,2,4,4,3,2,2,3,3,4,2,2,1,4,2,1,5,4,2,4,3,2,3,3,2,2,2,1,2
"36",36,36,"JRRR",2,3,NA,30,2,5,1,2,NA,2,NA,2,2,6,NA,1,NA,5,NA,1,NA,38000,0,0,0,1,1,1,2,2,2,2,NA,1,2,2,2,2,NA,360,2,NA,12.5,2,NA,NA,NA,NA,NA,NA,NA,NA,NA,NA,NA,NA,1,NA,3,4,36,3,4,5,5,5,4,4,5,3,1,5,3,5,4,3,4,2,2,2,4,4,4,4,5,5,5,5,5,3,4,5,3,4,4,5,5,2,5,4,1,3,5,4,5,6,1,5,3,7,2,3,6,1,7,4,2,2,4,4,4,4,3,2,5,5,5,3,5,4,5,4,3,2,5,4,2,2,5,4,4,2,3,2,2,5,2,2,2,3,2,1,3,3,2,3,3,2,3,3,3,2,3,4,2,3,2,5,4,1,3,3,3,4,4,3,3,2,2,3,2,3,4,3,4,5,5,5,5,3,5,5,3,4,5,5,5,5,5,5,1,3,7,2,7,7,1,7,4,7,4,6,4,2,6,7,4,4,4,2,2,4,4,5,4,4,3,4,5,4,5,5,2,2,4,4,2,1,1,1,2,5,2,2,1,4,1,2,2,4,3,2,1,2,3,2,3,2,1,2,1,3,5,5,3,3,2,4,4,1,3,2,3,3,4,2,5,2,2,4,2,3,5,2,3,5,5,5,5,5,5,5,4,4,5,5,5,5,5,5,1,3,7,1,7,7,1,6,4,5,3,7,7,1,7,7,4,4,5,2,2,4,3,4,5,4,3,3,5,5,5,5,2,1,5,4,1,1,5,5,1,5,2,1,1,5,2,2,3,4,3,4,1,2,3,2,1,2,2,2,2
"37",37,37,"JWSW",2,2,"Tara",43,1,4,2,2,NA,2,NA,2,2,1,"Native American",1,NA,7,NA,3,NA,70000,0,0,0,1,1,1,1,2,2,1,NA,2,1,2,2,2,NA,360,2,NA,40,2,NA,NA,NA,NA,NA,NA,NA,NA,NA,NA,NA,NA,1,NA,3,3,37,3,2,5,3,4,4,5,4,2,2,4,4,3,4,3,4,3,3,3,3,4,4,3,4,5,4,5,5,4,5,5,5,5,5,5,5,3,4,5,3,3,6,2,6,3,1,4,4,6,1,2,4,3,7,6,4,4,5,4,4,4,5,4,5,4,3,5,5,4,4,5,4,2,4,4,3,2,5,5,5,4,4,1,1,5,3,2,2,4,2,2,2,2,3,3,2,2,3,2,2,3,3,4,3,5,4,4,4,4,2,4,3,4,4,2,4,3,4,4,3,3,3,3,3,5,3,5,4,4,5,5,4,5,5,5,5,3,5,5,3,3,6,2,5,6,1,7,3,5,2,5,6,2,7,6,4,4,4,2,3,4,4,2,4,4,4,4,4,4,4,4,2,3,4,4,3,2,5,4,3,4,4,3,2,4,2,2,2,2,3,2,3,2,3,2,2,2,3,2,2,2,3,5,4,4,4,5,5,3,3,4,4,5,5,4,5,2,3,3,2,1,5,2,4,5,4,5,5,3,5,5,2,4,5,5,5,5,5,5,2,3,7,2,3,3,2,4,4,6,2,4,5,3,5,5,3,3,4,4,3,4,4,4,4,4,5,4,5,3,4,4,2,3,5,2,2,3,5,4,4,4,3,1,1,5,2,2,3,2,4,4,2,2,3,2,2,2,2,2,2
"38",38,38,"KAJB",1,2,"Heidi",30,2,5,1,2,NA,2,NA,2,2,1,NA,1,NA,5,NA,3,NA,57000,0,0,0,1,1,1,2,2,2,1,NA,2,2,2,2,1,NA,210,NA,NA,NA,1,1,2,2,1,2,NA,1,21,1,2,2,"Seminar",1,NA,2,3,38,2,1,4,1,2,2,5,3,1,2,2,2,2,1,2,2,1,2,1,2,1,3,1,2,5,4,3,5,5,5,1,4,5,4,5,5,2,5,3,2,4,5,5,3,3,1,4,7,6,1,2,5,4,7,7,4,4,5,3,4,5,5,5,4,3,1,3,4,2,2,5,4,2,1,3,3,2,5,5,5,5,4,1,2,2,3,1,3,2,4,3,2,1,2,1,2,1,2,1,2,3,4,3,3,4,4,5,5,4,3,3,2,5,4,1,3,5,2,2,3,3,3,3,2,4,4,5,2,3,5,5,2,4,5,5,3,3,4,4,3,3,6,1,4,7,1,6,3,7,2,3,6,1,5,7,4,4,4,4,4,4,5,4,4,3,4,5,4,4,5,5,1,3,5,2,2,1,5,5,3,4,4,4,1,5,1,1,3,1,4,3,2,2,2,2,3,1,2,1,2,3,3,3,2,4,3,5,4,4,2,4,4,4,4,4,5,2,1,2,2,5,4,2,4,5,5,4,5,2,4,5,1,4,5,5,4,2,5,5,1,3,6,2,6,5,2,1,2,6,1,3,5,3,1,3,4,2,3,4,3,5,3,2,4,5,5,5,5,3,4,4,2,2,4,2,2,3,5,4,2,5,2,3,1,5,1,1,3,2,2,5,2,2,3,3,2,2,3,1,2
"39",39,39,"KDKD",3,4,NA,51,2,5,1,NA,"4.0",2,NA,13,1,6,"European and African",1,NA,5,NA,1,NA,120000,NA,NA,NA,1,1,1,2,2,2,1,NA,1,2,2,2,2,NA,360,2,NA,15,2,NA,NA,NA,NA,NA,NA,NA,NA,NA,NA,NA,NA,1,NA,2,2,39,3,5,4,3,4,3,4,4,3,2,3,3,3,4,3,5,4,3,4,4,4,5,4,5,4,4,5,4,3,4,5,3,5,5,5,5,3,5,5,3,1,6,3,3,3,2,6,2,4,3,4,3,2,5,6,5,2,3,4,5,3,2,4,3,3,4,2,4,4,4,4,3,2,4,3,3,2,5,4,5,4,3,4,2,4,3,3,2,4,2,3,2,2,2,3,3,3,3,2,2,2,4,5,4,5,3,4,4,4,3,2,4,5,3,5,4,1,5,4,4,3,5,5,2,5,5,4,5,5,5,5,3,5,5,5,5,5,5,5,1,2,4,1,1,4,1,6,2,3,1,6,5,1,6,5,4,2,5,4,2,5,3,4,2,2,5,4,5,4,4,4,2,1,4,2,3,1,5,5,3,5,4,3,2,4,4,2,2,3,4,4,1,1,2,2,3,2,2,2,2,2,4,4,3,5,3,4,5,3,3,3,5,5,5,2,3,3,4,4,3,4,4,3,4,5,5,5,5,5,4,4,3,5,5,5,5,5,5,5,2,3,6,2,5,7,1,3,4,5,2,5,5,3,3,6,4,3,2,2,4,4,4,4,2,2,2,3,5,3,5,3,2,4,5,5,1,2,5,2,2,3,2,1,1,5,5,1,4,2,4,5,3,3,3,2,1,1,2,2,3
"40",40,40,"KHKH",3,2,"Tara",36,2,5,1,2,NA,2,"Speech, ADHD",2,NA,1,NA,1,NA,6,NA,2,NA,36000,0,5,5,1,1,1,2,2,2,1,NA,1,2,2,2,1,NA,14,NA,NA,NA,2,NA,NA,NA,NA,NA,NA,NA,NA,NA,NA,NA,NA,1,NA,2,2,40,1,5,4,4,4,5,5,4,4,2,3,3,3,3,3,3,2,5,4,4,3,4,3,3,4,5,4,5,5,5,4,5,5,4,5,5,5,5,5,1,2,3,2,3,3,1,5,4,5,2,5,7,1,7,4,5,5,4,5,5,5,3,5,4,4,2,5,5,4,4,5,5,2,4,5,4,1,5,4,4,4,5,5,1,4,4,2,1,3,1,3,2,2,2,3,3,1,2,3,1,2,3,3,2,5,5,4,5,5,3,3,5,4,4,2,4,5,4,2,3,3,4,3,3,4,3,4,4,5,4,4,4,3,4,5,3,4,4,4,3,2,6,4,6,7,3,6,5,4,2,4,7,2,3,7,3,2,4,2,2,4,2,3,5,3,2,2,2,3,4,5,1,4,4,4,3,2,4,4,2,3,2,3,2,4,4,2,2,2,3,5,3,2,2,2,2,1,3,3,3,2,4,5,4,4,5,5,5,5,1,3,3,4,5,2,5,2,4,4,2,4,4,3,3,4,3,4,4,2,4,5,1,4,4,5,3,2,4,4,1,3,6,1,3,4,1,3,5,6,2,4,2,2,5,7,2,1,2,5,1,5,4,1,3,3,3,2,3,1,4,5,1,1,4,3,4,2,2,2,2,3,1,2,1,4,1,1,3,1,5,5,2,2,3,3,1,2,2,1,2
"41",41,41,"KPFP",1,3,NA,35,2,5,1,1,NA,2,"Language delay",2,2,1,NA,1,NA,6,NA,1,NA,520000,NA,NA,NA,1,1,1,1,2,2,1,NA,1,1,2,2,2,NA,720,4,NA,2,1,2,1,2,2,2,NA,6,150,3,2,1,NA,1,NA,2,3,41,3,2,5,2,4,4,5,5,4,3,3,4,4,5,4,4,2,5,4,5,4,5,4,4,5,3,4,4,2,3,5,4,4,4,5,2,5,4,4,2,3,7,2,7,7,3,6,4,7,5,2,6,3,6,6,2,3,2,4,4,4,2,2,4,4,4,4,4,4,4,4,4,4,4,2,2,3,4,4,2,5,4,2,2,5,4,1,2,2,4,4,3,2,3,3,2,3,3,3,2,2,1,5,2,2,3,4,4,4,1,2,3,4,5,2,3,1,3,3,3,3,5,2,3,5,5,5,4,4,5,4,2,4,5,5,3,4,5,5,3,3,4,3,5,4,1,6,4,6,3,3,5,2,6,4,2,1,3,4,2,2,2,2,2,3,4,4,5,4,4,5,2,3,3,2,4,3,5,3,2,3,2,4,1,4,2,1,4,2,4,4,3,3,2,2,3,3,2,2,2,2,2,5,3,3,5,5,4,4,2,3,3,5,4,3,4,2,2,3,3,5,4,2,3,5,5,4,4,2,4,4,3,4,5,5,4,2,3,4,3,3,6,4,6,7,1,7,4,5,3,2,7,3,7,5,3,2,2,2,2,2,4,2,3,2,2,2,4,4,4,5,2,2,4,2,3,3,4,4,4,4,2,3,2,5,2,1,3,2,5,4,3,2,3,2,3,2,2,2,2
"42",42,42,"LBDH",1,2,"Heidi",61,2,3,1,1,NA,2,NA,1,NA,1,NA,1,NA,6,NA,2,NA,45000,0,0,0,1,1,2,2,2,2,1,"Head start",2,2,2,2,1,"Head start",21,NA,NA,16,NA,NA,NA,NA,NA,NA,NA,NA,NA,NA,NA,NA,NA,1,NA,4,4,42,2,4,4,3,4,4,4,5,5,3,5,5,4,5,4,5,2,3,4,3,4,4,4,4,5,5,3,5,4,5,5,4,4,5,5,5,5,5,5,2,2,7,2,6,6,1,3,2,6,1,5,7,4,3,3,5,4,5,5,5,5,5,5,3,5,4,3,5,5,5,5,2,2,4,4,4,1,5,5,4,4,4,2,2,4,2,3,1,2,4,4,2,2,2,2,2,3,3,2,2,2,3,4,3,4,4,5,5,5,3,4,5,4,5,3,5,1,2,3,2,4,5,3,4,5,5,4,5,5,5,5,3,5,5,5,5,5,5,5,2,2,6,3,5,6,2,4,4,6,2,6,6,4,4,6,4,2,4,2,2,4,4,4,4,4,4,4,4,4,4,4,2,2,4,4,2,1,4,2,2,4,2,2,2,4,2,2,2,2,3,4,2,2,3,3,2,2,3,2,2,2,4,4,4,5,5,5,4,4,3,3,4,4,5,4,5,2,2,4,2,4,5,3,3,5,5,4,5,4,4,5,2,5,4,5,5,4,5,5,2,2,7,2,6,6,2,6,3,6,2,6,6,5,6,6,4,2,4,2,2,4,4,4,4,3,4,4,4,4,4,4,2,2,4,4,4,1,4,2,2,4,3,2,1,4,2,2,2,4,2,4,2,2,2,3,2,2,3,2,2
"43",43,43,"LBSB",2,2,"Heidi",36,2,3,1,NA,NA,NA,"ASD/Intellectual Disabili",2,2,1,NA,1,NA,8,"JD/PhD",1,NA,0,NA,NA,NA,2,0,2,2,2,2,1,NA,2,2,2,2,1,NA,60,NA,NA,15,2,NA,NA,NA,NA,NA,NA,NA,NA,NA,NA,NA,NA,1,NA,3,3,43,2,2,4,4,3,4,4,4,4,2,4,3,3,4,5,4,5,4,5,4,5,4,4,3,5,5,5,4,4,4,4,5,4,5,5,5,3,5,4,2,3,4,3,5,4,1,7,6,7,1,7,7,1,7,7,5,4,5,5,5,5,4,5,5,5,5,5,5,5,4,5,4,2,3,4,2,1,5,2,4,5,4,4,1,4,4,2,2,3,2,3,2,3,3,3,2,2,2,3,2,2,1,3,2,2,4,5,5,5,1,3,3,5,5,5,5,5,4,1,4,5,5,5,5,3,3,2,3,1,3,1,2,3,4,5,1,2,3,1,3,5,3,3,3,7,2,4,7,4,7,3,5,3,4,4,1,4,3,2,5,2,2,2,4,3,2,4,5,3,5,4,1,2,5,5,3,3,3,2,2,3,2,1,1,4,2,1,5,2,4,5,2,2,2,3,2,1,2,2,2,1,4,5,4,2,5,5,5,4,2,4,3,5,4,3,5,2,4,4,3,5,4,3,4,4,4,4,3,3,5,5,4,3,5,4,4,3,3,4,1,3,5,3,6,3,2,7,5,6,2,5,6,3,6,5,2,2,3,4,2,5,3,3,5,4,2,3,4,5,4,5,1,1,5,2,4,2,4,4,4,5,3,3,1,4,2,2,3,1,5,4,2,2,3,3,2,3,2,2,1
"44",44,44,"LF",2,3,NA,29,2,5,1,1,NA,2,NA,1,2,5,NA,1,NA,2,NA,NA,NA,NA,NA,NA,NA,2,0,1,1,2,2,2,NA,1,1,2,2,2,NA,1080,2,NA,2,NA,2,2,2,1,2,NA,0,900,4,2,2,"Reading About ASD",2,"Grandmother",2,2,44,2,3,5,4,4,4,4,4,3,1,2,3,2,5,1,5,4,5,5,2,4,5,3,3,4,5,4,4,4,5,5,2,5,5,4,5,5,5,5,2,1,4,3,5,4,2,5,3,4,1,5,5,2,5,7,4,3,4,3,4,5,3,5,4,4,5,5,4,4,5,5,3,2,5,2,4,1,5,4,4,2,3,4,1,5,3,2,1,3,2,4,2,2,3,3,2,2,2,3,2,3,4,5,4,5,1,5,5,2,1,2,5,4,2,5,5,3,4,4,4,2,4,2,3,5,5,4,5,5,5,4,5,5,5,4,5,5,5,5,1,2,3,2,3,4,2,5,3,2,2,7,7,2,7,6,4,2,4,4,2,2,2,4,5,5,4,4,4,4,4,4,2,2,4,2,2,3,4,4,2,3,2,2,2,4,2,2,3,2,2,4,1,1,2,1,2,2,2,2,2,1,3,4,3,4,5,4,4,3,2,4,4,5,4,2,3,2,4,4,5,3,5,4,4,4,4,4,5,2,4,3,1,3,4,5,5,5,5,5,2,3,6,1,5,5,2,5,4,6,2,4,5,4,3,6,2,3,4,2,3,4,4,4,3,3,4,4,3,3,4,5,2,2,5,1,1,3,4,2,4,4,3,2,1,4,2,1,3,2,3,4,2,3,3,3,1,2,2,2,2
"45",45,45,"LGMG",1,1,"Carole",30,2,2,1,2,NA,2,NA,3,2,1,NA,1,NA,5,NA,1,NA,6564,0,0,0,1,2,1,1,1,2,1,NA,1,1,1,2,1,NA,120,NA,NA,13.5,1,2,2,1,2,2,NA,4,28,4,1,2,NA,1,NA,4,4,45,3,4,5,3,5,5,5,5,5,3,3,4,5,5,3,4,1,4,4,4,4,5,3,4,5,5,5,5,5,5,5,4,2,5,5,5,4,5,5,1,1,7,2,2,2,2,7,3,6,2,6,7,1,7,7,5,5,5,5,5,5,5,5,5,5,5,5,5,5,5,5,5,5,5,5,5,1,5,4,5,5,5,2,2,5,5,3,1,4,1,1,2,2,3,3,2,2,3,2,1,3,3,4,3,5,5,4,5,3,4,4,5,4,4,3,5,5,4,2,2,2,4,2,4,5,5,4,5,5,5,5,3,3,5,4,5,4,4,4,2,1,6,3,6,7,7,4,3,7,1,5,7,3,1,6,3,1,4,4,2,4,3,4,5,4,3,2,4,4,5,5,2,3,4,4,3,2,5,2,2,4,2,3,1,4,2,2,2,2,3,4,3,2,2,2,2,2,3,3,3,3,4,5,4,5,4,5,4,4,2,4,4,4,5,2,5,2,4,5,2,4,4,3,3,4,5,5,5,4,5,5,1,5,4,5,4,3,5,4,1,3,6,2,7,7,2,6,5,6,3,7,5,1,7,6,4,3,3,3,4,5,4,3,4,4,4,4,4,3,4,4,3,2,5,4,4,2,4,3,2,3,2,2,2,5,3,2,1,1,5,4,2,2,3,3,2,2,3,2,2
"46",46,46,"LKBK",2,3,NA,33,2,5,1,2,NA,2,NA,3,2,6,NA,1,"Sign Language",5,NA,1,NA,10668,0,0,0,2,2,1,1,2,2,2,NA,2,2,2,2,2,NA,720,2,NA,42,2,NA,NA,NA,NA,NA,NA,NA,NA,NA,NA,NA,NA,1,NA,2,2,46,3,4,4,2,3,3,4,5,4,2,5,4,5,4,1,5,1,2,4,2,3,4,3,5,4,5,5,3,4,3,5,5,5,4,4,5,5,4,4,2,4,4,3,4,6,2,5,5,4,1,4,7,3,3,4,2,2,2,3,3,3,1,4,4,4,2,3,4,4,4,4,3,5,4,4,4,3,4,2,3,4,4,3,1,4,1,3,1,4,2,2,2,2,3,2,3,3,2,2,2,2,1,3,3,1,3,5,1,2,1,4,5,5,5,3,5,1,3,2,4,5,5,5,5,5,5,5,5,5,5,5,5,5,5,5,5,5,5,5,1,1,1,1,1,1,1,2,2,4,1,7,7,2,6,2,5,5,5,5,5,4,4,5,4,5,4,5,5,4,5,5,5,5,5,5,5,1,5,5,5,5,5,5,2,5,5,3,2,5,1,1,2,3,3,3,3,3,3,2,2,2,2,3,2,3,4,4,4,3,1,5,4,5,3,4,5,3,4,2,4,5,4,4,3,4,4,5,4,4,5,4,4,5,4,5,4,4,5,4,3,4,7,3,7,7,2,1,3,5,2,3,6,4,2,6,3,1,2,2,3,4,4,5,3,4,3,4,4,4,4,3,4,4,4,4,3,2,5,3,3,4,5,1,1,4,2,3,3,4,1,3,2,2,2,2,3,2,2,1,2
"47",47,47,"LSNS",1,3,NA,31,2,5,1,1,NA,2,NA,2,2,1,NA,1,NA,4,NA,1,NA,48000,NA,NA,NA,1,1,1,2,2,2,2,NA,1,2,2,2,2,NA,720,4,NA,30,NA,NA,NA,NA,NA,NA,NA,NA,NA,NA,NA,NA,NA,1,NA,3,3,47,3,2,5,2,4,2,4,5,5,4,5,4,5,4,4,5,4,4,4,5,4,4,4,5,5,5,5,5,4,5,5,4,4,5,5,5,4,5,5,2,4,6,2,6,6,1,7,4,6,2,7,7,2,7,7,4,4,5,5,5,5,4,5,5,4,5,5,5,4,5,5,2,2,3,4,1,1,5,3,2,4,3,1,1,5,1,2,1,4,2,2,2,3,3,3,2,2,3,2,3,2,3,4,3,4,2,4,3,2,3,3,3,3,5,3,5,5,2,2,2,5,5,5,4,4,5,5,5,3,5,4,2,4,4,5,3,5,4,4,3,3,3,1,4,6,1,5,5,7,3,5,6,3,7,5,3,3,4,5,4,2,3,4,5,3,4,5,4,4,5,5,2,4,5,5,4,2,3,2,3,3,2,4,2,4,2,2,3,3,3,4,2,2,2,3,3,3,2,1,2,2,4,5,3,3,4,5,5,4,2,5,3,4,3,4,4,3,3,3,4,5,4,4,3,4,4,4,4,3,4,5,1,5,5,5,4,3,5,4,3,2,5,3,7,6,1,6,4,6,3,5,6,1,6,4,4,3,3,3,4,4,4,4,5,5,3,4,5,4,5,5,3,3,5,4,2,1,4,5,3,3,3,2,2,5,2,2,2,2,3,4,2,2,3,3,3,3,2,1,1
"48",48,48,"LSXX",3,4,NA,25,2,3.5,1,1,NA,2,NA,1,2,5,NA,1,NA,4,NA,3,NA,34000,0,0,0,2,0,1,1,1,2,1,NA,1,1,1,2,2,NA,540,2,NA,40,2,NA,NA,NA,NA,NA,NA,NA,NA,NA,NA,NA,NA,1,NA,3,3,48,3,5,4,3,4,3,5,4,3,3,3,3,5,3,4,4,1,2,3,2,4,5,1,4,5,4,5,5,4,5,4,4,3,4,5,5,4,5,5,1,1,3,4,3,3,3,6,4,5,2,7,5,1,3,5,4,5,4,5,3,5,4,5,2,4,3,5,4,4,2,5,4,5,5,5,5,3,4,2,5,2,4,4,2,4,5,2,2,2,2,3,2,3,3,3,3,2,2,2,2,3,4,4,3,3,4,5,4,4,1,4,5,5,4,5,5,5,3,3,3,3,4,2,4,5,5,4,5,5,5,5,4,5,5,5,5,5,4,4,2,2,4,3,6,6,3,3,2,3,3,3,6,1,3,6,3,2,5,4,2,2,2,4,2,3,2,3,4,4,5,5,1,2,5,4,1,2,5,4,2,5,2,1,1,5,2,3,3,3,2,5,2,3,2,2,3,3,2,2,1,2,3,4,3,5,4,5,5,5,1,4,5,5,5,1,5,2,5,4,4,5,5,4,3,5,5,5,5,5,4,4,4,5,4,5,4,5,5,5,1,3,7,1,6,6,2,7,5,6,2,5,5,1,6,5,2,3,2,4,4,4,4,5,5,5,5,5,4,4,2,5,1,2,5,2,2,4,5,3,2,4,2,2,1,4,2,2,3,2,3,4,2,3,3,3,2,3,3,2,2
"49",49,49,"MADP",1,1,"Carole",23,2,3,1,1,NA,2,NA,2,2,3,NA,2,NA,3,NA,2,NA,12000,0,0,0,1,1,1,2,2,2,2,NA,1,2,2,2,1,NA,360,NA,NA,9,2,NA,NA,NA,NA,NA,NA,NA,NA,NA,NA,NA,NA,1,NA,4,4,49,3,3,5,4,5,3,5,5,5,1,5,5,5,5,3,5,1,5,5,5,1,5,5,5,5,5,5,5,5,5,5,5,5,5,5,5,5,5,5,1,4,7,1,7,6,1,6,4,7,1,1,7,1,7,7,1,5,5,5,5,5,5,5,5,5,4,5,5,5,5,5,5,5,5,3,5,1,5,5,3,5,5,1,5,5,2,3,1,5,1,1,2,2,3,3,3,2,3,2,2,3,3,5,3,4,4,4,3,3,3,5,4,4,4,1,5,5,4,3,2,3,5,3,4,5,4,4,5,5,5,5,3,4,5,5,5,3,5,5,2,1,7,3,4,5,2,6,2,7,1,7,7,2,6,5,2,4,3,4,2,5,4,4,5,5,3,4,4,5,5,5,4,5,4,4,4,2,5,4,4,5,5,5,2,4,4,2,2,2,4,1,2,3,3,3,3,2,3,3,2,3,4,5,3,3,4,5,4,2,3,4,3,5,5,4,5,3,2,4,4,5,5,2,4,4,5,5,5,3,5,5,1,5,5,5,5,3,5,5,3,4,7,2,7,7,2,4,5,6,2,5,5,3,5,6,5,2,3,3,4,5,4,4,4,5,3,4,5,3,5,4,4,4,5,4,3,2,4,4,4,3,3,3,2,5,5,2,1,2,4,4,2,2,3,2,3,2,3,2,2
"50",50,50,"MBLB",1,2,"Jenna",43,2,4.5,2,1,NA,2,NA,1,2,6,NA,1,NA,5,NA,3,NA,40000,5,0,0,1,1,1,1,2,2,1,NA,1,1,2,2,1,NA,360,2,"In home BT",25,1,2,1,2,1,2,NA,4,360,3,2,2,"HCOE",1,"Grandfather",4,4,50,3,3,5,2,4,4,5,3,2,3,3,4,5,5,2,4,3,2,3,2,4,4,2,4,5,4,3,5,3,5,5,1,2,5,5,5,3,5,5,2,2,7,3,7,3,1,4,4,6,3,3,3,3,6,6,2,4,5,3,3,5,5,5,5,5,4,4,5,4,5,5,1,2,5,3,3,1,5,4,3,5,1,1,1,4,3,2,2,3,4,4,2,3,2,3,1,2,2,2,2,2,5,4,4,5,3,5,5,2,2,2,4,3,5,4,4,1,4,5,2,3,4,2,2,5,5,5,5,2,5,4,2,5,5,5,5,3,5,3,3,2,6,1,7,7,1,7,2,7,2,5,6,2,7,7,4,2,3,4,2,3,3,4,4,3,4,5,4,5,5,5,1,1,4,1,1,2,5,2,2,3,2,2,2,5,1,2,3,1,4,3,2,2,2,1,2,3,1,1,2,2,3,4,3,4,3,5,4,2,3,3,4,5,5,4,4,4,3,4,2,4,5,2,4,5,5,4,5,2,2,5,1,3,5,5,5,5,5,5,1,2,7,1,7,6,1,7,4,7,2,3,6,1,7,4,4,5,5,4,5,5,5,5,5,5,5,5,5,3,5,5,1,2,5,1,1,2,5,4,2,4,2,1,1,5,1,1,2,1,5,5,2,3,3,3,2,2,2,3,2
"51",51,51,"MBSS",1,1,"Carole",22,2,2,2,1,NA,2,NA,1,NA,3,NA,NA,NA,5,NA,2,NA,12000,0,0,0,2,0,1,2,2,2,1,"Itinerant teacher",2,2,2,2,2,NA,NA,NA,NA,24,1,2,2,1,2,2,NA,4,441,3,1,2,NA,2,"Parents",3,3,51,3,3,4,4,4,5,5,4,2,4,3,3,3,3,1,5,1,2,2,2,4,3,2,4,5,5,5,5,5,5,5,4,3,5,5,5,3,5,5,1,4,4,3,4,6,1,5,6,7,2,4,7,2,7,3,3,4,5,4,5,5,4,5,5,5,5,5,5,5,5,5,4,4,4,5,5,1,5,4,4,4,4,4,2,5,5,3,1,4,1,1,2,3,2,2,3,3,3,3,2,3,2,4,2,4,4,5,4,2,3,4,5,4,5,2,5,5,2,2,2,3,4,3,4,5,5,5,5,2,5,5,2,4,5,5,2,3,4,2,3,2,6,3,5,6,3,2,4,7,3,4,6,3,5,7,4,2,4,3,4,4,4,5,4,5,2,4,5,4,5,5,2,3,5,4,2,3,4,3,2,4,2,2,1,5,2,2,2,4,3,3,2,2,3,3,3,2,2,2,2,3,4,4,4,4,3,5,5,2,2,3,3,3,4,3,5,1,4,4,3,5,5,3,3,4,4,5,5,3,5,5,3,5,5,5,4,5,5,5,2,3,7,2,7,5,2,7,5,6,1,7,6,1,5,5,4,3,5,5,3,5,4,5,5,5,4,5,4,3,5,5,3,1,5,4,4,1,4,5,2,5,3,2,2,4,1,3,2,3,3,4,2,2,2,3,3,3,3,2,1
"52",52,52,"MBTB",1,3,NA,27,2,5,1,1,NA,2,"Non-verbal learning disor",2,2,1,NA,1,NA,5,NA,3,NA,55000,0,0,2,1,1,2,1,2,2,2,NA,2,1,2,2,2,NA,90,4,NA,30,2,NA,NA,NA,NA,NA,NA,NA,NA,NA,NA,NA,NA,1,"Husband",3,3,52,3,2,3,3,3,3,5,5,5,1,4,4,5,5,4,5,2,2,2,2,5,5,1,5,4,4,4,3,5,4,4,1,4,5,4,3,4,5,4,2,2,7,2,7,7,2,6,4,6,3,4,4,3,6,6,4,2,2,4,4,4,3,1,4,3,4,4,4,4,5,2,1,4,5,2,2,2,5,2,2,2,2,2,2,5,1,1,3,1,4,4,3,3,3,2,1,1,1,1,1,2,3,4,3,3,1,4,5,3,1,1,2,4,4,5,5,1,1,4,4,3,3,2,4,5,5,4,5,5,5,4,2,5,5,5,4,3,4,4,1,1,6,2,7,7,2,5,2,5,3,4,6,1,5,5,3,2,3,4,3,3,2,2,1,2,5,4,5,5,5,4,2,2,5,2,3,2,4,4,3,4,2,3,1,4,1,1,3,1,3,5,2,3,2,2,3,2,2,1,1,2,2,5,1,4,5,5,4,3,2,4,5,5,4,3,5,4,3,3,3,4,4,3,5,4,5,4,4,4,4,5,4,2,5,5,4,4,5,5,1,2,6,1,6,6,1,6,1,4,1,6,7,2,6,7,4,3,3,4,4,4,3,3,4,3,3,4,3,4,4,5,2,3,4,1,1,2,5,4,3,3,4,2,1,4,2,1,3,1,3,5,2,3,2,2,2,2,2,2,2
"53",53,53,"MCMC",3,2,NA,34,2,4,2,NA,NA,2,NA,2,1,7,"Filipino",1,NA,7,NA,1,NA,NA,NA,NA,NA,1,1,1,1,2,1,1,NA,1,1,2,1,1,NA,720,2,NA,6,NA,NA,NA,NA,NA,NA,NA,NA,NA,NA,NA,NA,NA,1,NA,4,4,53,3,3,2,2,3,2,4,4,2,2,4,3,3,5,3,4,2,2,1,5,2,5,3,5,4,4,5,4,4,4,4,4,5,5,5,5,4,5,4,2,3,5,3,4,6,2,6,5,7,1,3,5,2,7,7,5,4,3,3,3,3,4,4,4,2,5,4,4,2,4,4,2,4,3,5,1,2,4,5,2,2,3,4,1,5,4,2,2,2,2,1,3,2,3,2,3,1,3,2,3,3,2,3,2,5,4,4,5,3,3,4,2,3,4,1,4,1,1,1,3,3,4,3,3,5,5,2,4,2,5,4,2,4,5,5,5,3,5,5,1,3,6,1,6,5,1,2,3,6,2,1,4,3,2,5,2,2,4,3,2,3,2,4,2,2,2,2,4,3,5,4,3,3,4,4,3,3,3,3,4,4,2,1,1,4,2,1,2,3,3,3,1,3,2,3,2,2,3,3,1,3,3,5,2,4,4,4,5,2,2,4,3,3,3,2,3,1,2,2,2,1,3,3,2,5,5,5,5,5,5,5,5,5,5,5,5,5,5,5,1,1,2,2,1,3,2,6,2,6,4,2,5,2,6,6,4,4,4,3,4,2,2,4,4,3,4,2,5,4,5,5,3,4,4,4,4,1,4,4,4,4,3,4,4,4,4,2,2,2,2,4,2,2,3,1,3,2,3,2,2
"54",54,54,"MEHE",1,4,NA,25,2,5,2,1,NA,2,NA,2,2,1,NA,1,NA,5,"Certificates",1,NA,NA,NA,NA,NA,1,1,1,1,2,2,1,NA,1,1,2,2,2,"Feeding therapy",1080,NA,"Homeschool",7.5,1,1,2,2,1,2,NA,36,1080,2,2,1,"School site",1,NA,4,4,54,3,4,4,4,5,3,4,4,2,2,5,4,4,5,3,5,2,3,3,3,3,5,3,4,5,5,5,5,4,5,5,3,5,5,5,5,4,5,5,1,4,7,2,5,7,1,5,4,4,2,2,2,2,6,4,3,2,4,4,3,4,2,4,1,4,4,4,4,3,5,5,2,3,5,4,2,1,5,4,3,5,3,2,1,5,4,2,2,4,1,4,3,3,3,3,3,2,3,2,2,2,5,4,4,5,3,4,3,2,3,5,3,3,4,4,5,2,3,4,3,3,5,3,3,5,5,5,5,4,5,5,2,5,5,5,5,4,5,5,2,1,5,1,7,6,1,4,1,7,1,3,4,2,6,4,3,2,3,4,2,5,2,4,2,3,4,4,4,4,5,5,3,4,5,5,3,1,5,3,5,5,4,4,2,5,5,2,1,4,2,3,3,3,3,3,3,3,3,2,2,3,3,4,3,3,3,4,2,2,1,5,4,4,4,4,4,3,3,3,4,3,3,3,3,5,5,4,5,4,4,5,3,4,5,5,4,5,4,5,3,2,6,1,7,6,2,3,2,5,3,4,6,1,5,5,4,3,3,3,5,4,4,5,4,4,3,3,4,3,5,4,4,5,4,5,2,1,4,4,2,3,3,1,2,4,4,2,2,3,4,4,3,2,2,2,3,3,3,2,1
"55",55,55,"MMWM",2,4,NA,34,1,5,1,1,NA,2,NA,1,NA,1,NA,1,NA,7,NA,3,NA,75000,0,0,0,1,1,1,1,1,2,1,NA,2,1,1,2,2,"Full day classroom a",900,4,NA,45,1,1,2,1,1,1,NA,3,720,3,1,2,NA,1,"Wife",4,4,55,3,5,5,3,4,4,4,4,4,1,4,3,2,5,4,4,3,2,2,1,3,5,3,4,5,5,5,5,3,5,4,2,5,5,5,5,2,3,4,2,3,6,3,6,6,1,4,5,5,2,1,5,3,7,6,3,3,4,3,2,4,2,5,2,4,3,3,5,3,4,4,2,4,5,5,3,3,4,4,5,5,3,3,1,4,2,1,2,5,2,3,2,2,3,3,3,2,2,2,1,2,5,5,5,4,5,5,5,1,3,4,5,5,5,3,3,2,3,3,3,5,5,3,4,5,5,5,5,4,5,5,5,5,5,5,5,4,5,5,1,1,7,1,7,7,1,7,2,7,1,3,6,1,7,7,5,2,4,4,4,5,5,5,5,5,5,5,5,5,3,5,4,2,2,2,2,2,5,5,5,5,5,3,4,5,2,2,1,4,1,1,2,3,2,3,3,3,3,2,2,3,2,4,2,4,2,5,4,3,1,2,3,5,5,4,5,3,3,2,2,5,4,3,5,5,5,4,5,3,4,5,3,5,5,5,5,4,4,5,1,2,7,1,6,6,2,4,1,6,2,4,7,4,5,5,5,3,4,4,4,4,4,5,3,4,5,4,5,3,4,5,4,2,4,4,2,3,5,3,3,5,4,1,1,5,2,2,2,4,2,4,2,2,2,2,2,2,2,2,2
"56",56,56,"MRVK",2,3,NA,22,2,3,2,1,NA,2,NA,1,NA,NA,NA,1,NA,4,NA,2,NA,NA,NA,NA,NA,1,1,1,2,1,2,2,NA,1,2,2,2,2,"School/daycare",240,2,"Daycare",12.5,2,NA,NA,NA,NA,NA,NA,NA,NA,NA,NA,NA,NA,2,"Husband",3,4,56,3,4,4,2,3,2,4,3,4,1,5,4,5,4,2,4,3,2,3,2,2,4,3,4,4,4,5,5,5,5,4,4,5,4,4,5,3,4,5,2,4,5,2,4,4,1,3,4,4,1,4,6,3,7,4,2,3,4,4,3,4,2,5,4,4,2,4,5,3,4,4,2,4,4,4,3,2,4,4,4,5,4,2,1,4,1,2,1,5,1,2,2,2,3,2,3,2,2,2,2,2,5,4,3,5,4,5,3,1,4,2,5,4,3,2,3,1,4,3,3,5,5,5,5,5,5,5,5,5,5,5,5,4,5,5,5,5,5,5,1,2,3,1,2,4,2,5,4,5,1,7,7,1,7,6,5,5,5,5,4,5,5,5,5,5,5,5,5,4,4,5,5,4,4,5,5,1,5,5,5,5,5,5,5,4,5,3,1,5,1,1,2,2,2,3,3,2,3,2,3,3,3,5,2,3,3,5,4,3,1,3,3,5,4,3,5,3,4,2,4,4,4,4,4,4,4,5,4,4,4,5,3,5,5,5,4,4,5,4,3,3,7,2,6,7,2,1,3,6,2,5,5,4,1,6,4,1,2,4,4,5,5,5,3,4,4,4,5,3,5,5,4,3,4,4,1,1,5,3,3,3,4,1,1,5,2,2,3,5,3,5,2,2,2,2,2,2,2,1,2
"57",57,57,"MSSS",2,3,NA,38,2,4,1,2,NA,2,NA,2,2,1,NA,1,NA,7,NA,1,NA,NA,0,0,0,1,2,1,1,1,2,2,NA,1,1,1,2,2,NA,360,2,NA,5,2,NA,NA,NA,NA,NA,NA,NA,NA,NA,NA,NA,NA,1,NA,3,3,57,2,2,3,2,2,3,4,2,3,4,2,4,5,4,3,4,1,3,3,4,2,3,4,1,5,4,4,3,4,4,4,5,2,4,4,5,3,5,4,3,4,7,3,6,6,2,7,6,7,2,3,7,3,7,7,2,4,2,5,5,4,5,5,5,3,4,5,4,4,4,4,2,4,3,2,5,2,4,3,2,4,4,1,5,4,3,2,1,2,2,3,2,2,3,2,2,2,2,2,2,2,1,3,2,2,2,3,3,2,3,1,2,2,3,2,4,2,2,2,2,2,2,2,2,5,3,4,5,2,5,4,2,4,4,5,2,2,4,4,3,4,4,3,4,6,2,3,6,6,3,5,6,3,4,4,2,1,3,4,4,4,4,2,4,4,4,4,4,2,4,4,3,2,2,2,4,2,4,3,4,4,4,4,2,3,1,2,3,2,4,4,2,2,3,2,3,2,3,2,2,2,2,5,2,3,4,4,4,4,2,2,3,3,4,2,5,2,2,2,3,3,3,3,3,2,3,4,5,2,5,4,2,3,4,5,2,2,5,2,2,3,6,3,6,6,2,4,6,6,3,5,6,2,5,6,2,2,4,4,4,4,4,2,5,4,4,4,4,4,5,5,4,2,4,2,4,2,4,4,4,4,4,4,2,4,2,2,2,2,3,4,2,2,3,2,3,3,3,2,2
"58",58,58,"P",1,1,"Carole",38,2,2.5,1,2,NA,2,NA,2,2,3,NA,NA,NA,4,NA,2,NA,12000,0,0,0,2,2,1,2,2,2,2,NA,1,2,2,2,1,NA,150,NA,NA,6,2,NA,NA,NA,NA,NA,NA,NA,NA,NA,NA,NA,NA,1,NA,4,4,58,3,4,5,3,5,5,5,5,5,1,5,5,5,5,3,5,3,5,5,5,5,5,5,5,5,5,5,5,5,5,5,5,5,5,5,5,5,5,5,7,4,7,1,7,6,1,7,4,5,1,1,7,1,7,7,5,5,5,5,5,5,5,5,5,5,4,5,5,5,5,5,2,5,5,5,5,1,5,5,5,5,4,5,5,5,5,4,1,5,1,1,3,3,3,3,3,2,3,2,2,2,1,5,3,4,3,4,4,2,3,4,5,3,4,2,5,5,4,3,2,4,5,3,3,5,5,4,5,5,5,5,3,4,5,5,5,4,5,5,3,1,7,1,6,7,2,5,4,7,1,6,7,3,6,5,4,2,3,5,2,4,3,2,4,4,5,4,4,5,3,5,3,2,2,2,3,3,5,3,2,4,4,4,1,4,2,1,2,2,3,3,2,2,2,3,1,1,3,3,3,3,2,5,3,4,5,5,4,3,2,4,4,5,5,3,5,3,2,4,2,5,5,2,4,5,5,5,5,3,5,5,3,4,5,5,5,5,5,4,3,3,7,2,6,6,1,4,4,6,3,7,6,1,7,6,5,3,4,2,3,4,4,4,3,4,5,4,5,4,5,5,4,2,4,5,3,1,4,3,3,5,2,3,2,4,3,1,2,1,4,3,3,2,3,3,3,2,2,2,2
"59",59,59,"RAFA",1,3,NA,31,2,2,1,2,NA,2,NA,2,1,1,NA,1,NA,5,NA,2,NA,65000,1,2,1,1,1,1,1,1,2,1,NA,1,1,1,2,1,NA,180,1,"Preschool",20,1,2,2,1,2,2,NA,5,90,4,1,2,NA,1,NA,4,4,59,3,3,3,1,4,3,5,4,3,1,4,3,4,4,5,5,3,2,1,1,4,4,1,5,4,1,4,4,2,2,4,1,5,2,5,2,2,2,1,3,3,7,2,7,3,2,3,2,7,5,1,3,2,6,5,2,2,2,4,2,1,1,2,4,4,2,2,4,2,4,2,2,4,4,4,3,4,4,2,2,4,2,3,1,2,1,1,4,2,4,4,2,2,3,3,2,2,2,1,1,3,3,2,3,3,5,5,5,4,1,1,3,5,5,3,3,1,2,4,3,5,5,3,5,5,5,4,4,4,5,5,2,4,5,5,3,2,4,4,1,1,6,2,6,7,2,7,1,6,2,3,6,1,6,5,3,4,4,4,4,4,4,2,2,3,5,4,5,4,5,4,4,4,5,2,4,1,4,5,4,5,4,4,2,4,4,2,3,2,4,3,2,3,2,3,3,3,2,2,2,2,2,4,2,4,3,5,5,3,3,4,5,5,5,4,4,2,3,2,2,3,4,3,4,5,4,5,4,4,4,5,5,5,5,5,4,2,4,5,2,1,6,2,7,7,2,6,1,5,3,2,7,2,6,6,5,1,1,3,4,4,2,3,3,3,3,2,4,4,4,4,3,4,4,2,2,2,5,4,4,3,3,2,2,4,2,1,3,2,1,5,2,3,2,2,3,2,2,2,2
"60",60,60,"RGLG",2,2,"Rosa",43,1,3,1,3,NA,2,NA,9,NA,1,NA,1,NA,5,NA,1,NA,38000,0,0,0,5,2,1,1,2,2,1,NA,1,1,2,2,1,NA,600,NA,"Head Start",2,2,NA,NA,NA,NA,NA,NA,NA,NA,NA,NA,NA,NA,1,NA,3,4,60,3,5,4,2,4,3,4,4,5,2,5,4,3,5,5,4,2,2,1,2,4,5,2,5,5,3,5,5,3,4,4,2,5,5,5,5,5,3,5,3,3,7,2,5,4,2,4,6,6,3,3,6,3,7,6,2,4,4,4,1,2,2,2,3,3,2,4,5,2,4,3,2,4,4,4,2,3,4,3,4,4,4,1,1,5,1,1,1,4,2,3,3,2,3,3,2,2,2,2,1,1,3,5,3,3,4,4,5,3,2,3,4,4,4,3,3,2,3,2,3,3,4,3,3,5,5,5,5,4,5,5,4,5,5,5,5,5,5,4,1,2,6,2,6,7,2,6,3,5,2,6,6,1,5,6,4,2,4,4,4,2,3,2,2,4,5,4,4,5,4,5,4,4,4,4,4,1,5,5,5,5,4,4,4,5,4,4,2,4,1,3,2,3,2,2,3,2,3,2,2,3,2,4,2,3,4,5,4,4,1,3,4,4,5,3,5,3,3,2,3,1,4,5,4,5,3,4,4,4,4,4,4,5,5,5,4,4,5,4,3,2,5,2,3,7,2,4,3,6,3,4,5,4,6,7,3,2,2,5,4,3,4,4,4,3,4,3,5,4,5,4,3,3,3,4,1,2,4,3,4,3,4,2,2,4,2,2,2,3,4,5,2,2,2,2,2,2,2,2,2
"61",61,61,"RRJR",1,2,"Tara",34,2,3,1,2,NA,1,NA,3,1,3,NA,1,NA,7,NA,3,NA,18000,0,2,2,1,1,2,2,2,2,1,NA,2,2,2,2,1,NA,90,NA,"Home/Playgroups",5,1,1,2,2,2,2,NA,6,1440,4,1,1,"Internet/Blogs/Books",1,"Husband",4,4,61,3,5,5,4,5,4,5,5,3,1,5,5,5,4,3,5,2,5,5,5,5,5,5,5,5,5,4,5,5,5,5,5,3,4,5,5,5,5,5,2,2,7,3,7,1,1,7,1,7,1,7,7,1,7,7,4,3,5,5,5,5,4,5,5,5,4,4,5,4,5,5,3,4,5,5,4,1,5,4,4,3,4,4,2,4,2,2,2,2,2,4,3,3,3,3,3,2,2,3,3,1,3,3,1,4,2,4,5,3,2,2,4,4,5,5,5,3,3,2,2,4,5,3,5,4,5,4,5,5,5,4,4,4,5,5,5,5,5,4,3,3,7,3,5,6,2,6,4,3,3,3,4,3,6,7,2,2,3,4,3,3,4,4,5,3,4,2,4,3,4,5,2,2,4,4,2,2,2,2,2,4,2,2,2,4,2,1,3,2,3,5,2,2,3,2,3,1,1,2,2,2,5,5,4,4,5,4,4,5,2,4,3,4,5,2,5,3,3,3,3,5,5,3,4,5,5,4,4,4,5,5,2,4,4,5,4,4,5,4,3,3,6,2,7,5,1,4,4,5,3,4,5,1,7,7,2,3,5,2,2,4,4,2,4,3,3,3,4,5,5,5,2,1,4,3,3,2,4,3,2,3,3,2,1,5,2,2,3,4,4,4,2,2,3,3,1,3,2,2,2
"62",62,62,"RRNK",1,3,"Tara",38,2,3,1,1,NA,2,NA,1,2,1,NA,1,NA,5,NA,1,NA,NA,0,0,0,3,0,1,1,1,2,1,"Aquatic therapy",1,1,1,2,1,"Aquatic therapy",300,NA,NA,16.5,1,1,1,2,2,2,NA,1,180,4,1,1,NA,1,NA,3,3,62,3,1,4,1,3,3,4,5,1,2,4,5,5,5,1,5,1,2,1,1,2,5,3,5,5,5,5,5,5,5,5,4,5,5,5,5,5,5,5,1,2,7,1,6,7,1,3,4,7,1,7,7,4,5,7,5,4,5,4,5,3,2,5,4,3,1,3,5,1,5,5,5,3,5,5,3,1,5,5,5,5,5,3,2,5,1,1,1,5,1,3,3,2,3,2,3,3,3,3,3,3,2,4,2,4,5,5,5,1,3,5,5,5,5,1,5,1,2,1,2,3,5,4,5,5,5,5,5,5,5,5,5,5,5,5,5,5,5,5,1,4,7,1,7,7,1,3,4,7,1,7,7,4,5,7,5,4,5,4,5,3,3,5,4,3,1,4,5,5,5,5,5,4,5,5,4,1,5,5,5,5,5,3,2,5,1,1,1,5,1,3,3,2,3,2,3,2,3,3,3,3,3,4,2,3,4,4,4,1,2,4,3,4,3,4,4,2,3,2,3,1,4,3,3,5,4,5,5,4,5,5,4,5,5,5,5,5,5,5,3,4,6,2,6,3,1,4,3,6,2,2,5,4,7,7,4,3,5,4,3,4,4,5,3,3,5,4,5,3,5,5,4,3,3,4,4,1,5,3,3,3,5,4,4,4,2,3,1,4,5,3,2,2,3,3,3,2,2,1,1
"63",63,63,"S",3,3,NA,41,2,5,1,2,NA,2,NA,2,2,3,NA,2,NA,2,NA,3,NA,24000,3,0,1,1,1,1,1,2,2,2,NA,1,1,2,2,2,NA,180,4,"Headstart",28,NA,NA,NA,NA,NA,NA,NA,NA,NA,NA,NA,NA,NA,2,"Husband, Sis in",4,4,63,3,4,4,3,4,2,4,5,5,1,5,3,2,5,5,4,4,2,2,2,3,5,2,5,5,4,5,5,3,5,4,2,4,5,5,5,5,3,4,1,3,6,3,7,7,1,6,4,6,1,3,5,2,7,7,5,3,5,4,3,4,5,5,4,5,5,5,4,3,4,3,2,5,3,3,2,2,4,4,3,3,4,2,1,4,2,1,1,2,1,2,2,3,3,2,3,2,2,1,2,2,3,4,2,4,1,5,4,1,3,2,4,3,3,4,3,4,3,1,1,4,4,4,4,4,3,2,4,4,4,5,2,5,5,5,2,4,4,1,2,2,4,1,6,1,3,5,2,7,3,6,5,3,4,6,2,1,3,4,3,4,2,4,3,3,3,4,2,5,5,5,4,3,5,4,2,3,3,4,4,4,4,3,5,5,1,3,3,3,2,2,2,2,3,3,3,2,2,1,1,3,2,5,3,3,3,5,5,5,1,5,5,5,5,5,5,2,4,4,4,3,4,5,5,5,5,3,5,5,5,5,2,5,5,5,5,5,5,5,1,1,1,3,3,3,1,4,2,4,1,4,7,2,6,4,5,5,5,5,5,5,5,5,5,5,5,5,5,5,5,5,3,1,4,4,2,1,5,5,5,5,5,3,2,4,4,4,1,4,2,2,1,2,1,2,2,2,3,2,1
"64",64,64,"SBAE",3,3,NA,32,2,4,1,3,NA,2,NA,3,2,1,NA,1,NA,5,NA,1,NA,30000,0,0,0,3,0,1,1,1,2,2,NA,1,1,1,2,2,NA,540,2,NA,6.5,2,NA,NA,NA,NA,NA,NA,NA,NA,NA,NA,NA,NA,1,NA,4,4,64,3,5,5,4,4,3,4,3,1,1,4,4,5,3,1,4,1,5,4,2,4,5,3,3,5,5,3,5,4,5,5,3,5,5,5,5,4,5,5,1,2,5,5,6,3,1,5,6,7,1,4,5,4,7,7,3,3,5,3,3,5,4,5,4,4,1,3,5,3,4,5,3,4,5,5,3,2,5,3,4,5,3,1,1,4,2,2,2,3,2,4,3,3,3,3,3,2,2,3,2,2,5,5,4,4,5,4,5,2,1,4,3,4,5,3,5,5,4,4,3,3,4,3,3,5,5,5,5,4,5,5,5,5,5,5,5,5,5,4,3,3,7,1,4,6,1,5,1,3,1,3,4,1,7,7,5,4,4,5,5,3,4,5,5,4,4,4,2,4,5,5,4,4,4,4,3,1,5,4,5,5,5,4,2,5,4,2,2,4,2,3,3,3,3,2,3,3,2,1,2,3,3,4,2,2,3,3,2,3,2,5,3,4,5,4,5,5,2,2,4,3,5,3,4,5,4,5,4,3,4,5,2,4,5,5,4,3,5,5,2,5,7,2,6,3,2,1,3,6,3,1,3,3,6,6,1,4,4,5,4,4,2,5,3,4,4,4,4,3,4,4,4,4,4,3,2,5,5,3,2,3,4,2,2,5,1,2,1,4,3,4,2,2,3,3,2,3,3,2,2
"65",65,65,"SCXX",3,2,"Lucera",43,2,3.5,2,1,NA,NA,NA,1,NA,1,NA,1,NA,5,NA,3,NA,40000,1,0,0,1,1,2,1,2,2,1,NA,2,1,2,2,1,NA,270,1,NA,20,NA,NA,NA,NA,NA,NA,NA,NA,NA,NA,NA,NA,NA,1,"Father, Daycare",NA,NA,65,2,3,5,2,4,2,5,5,2,1,4,5,5,4,2,5,1,3,3,3,2,4,4,5,5,4,5,4,4,4,5,5,5,4,4,5,3,4,3,1,3,4,1,5,4,2,4,3,4,1,6,7,1,6,6,3,4,4,4,4,3,2,3,5,4,2,3,4,2,5,5,4,5,4,3,5,2,4,4,5,5,4,3,1,4,2,2,1,5,1,2,3,2,3,3,3,2,2,3,3,3,2,2,2,3,2,5,3,1,2,4,5,4,4,1,5,1,4,2,3,4,4,5,5,5,5,4,5,5,5,5,5,4,5,5,5,5,5,5,1,1,4,2,4,4,1,5,2,4,1,7,7,2,6,4,4,5,5,5,3,3,4,4,5,5,4,5,4,4,5,5,5,5,4,5,4,2,4,5,4,4,4,4,2,5,2,2,2,4,1,1,2,3,3,2,3,3,3,3,2,2,3,4,2,3,4,5,2,3,1,5,3,5,3,3,5,2,3,1,5,3,5,3,4,5,5,5,5,3,5,4,2,4,4,5,5,5,5,5,2,3,6,1,6,7,1,1,4,6,4,2,5,4,3,7,3,2,3,1,3,3,5,4,3,3,4,4,5,4,4,5,4,3,4,2,3,3,5,3,4,4,4,2,2,4,2,3,3,3,4,3,2,2,3,2,2,2,2,1,2
"66",66,66,"SMMM",2,2,"Tara",24,2,4,1,1,NA,2,NA,1,2,5,NA,1,NA,5,NA,1,NA,NA,NA,NA,NA,2,0,1,1,2,2,1,NA,2,2,2,2,2,"Teaching Assistant",720,2,NA,11.5,1,2,1,2,1,2,NA,2,NA,3,2,1,NA,1,NA,4,4,66,3,1,5,3,3,4,5,4,3,1,4,4,5,5,2,4,3,5,5,3,4,4,4,3,5,5,3,4,3,4,5,3,3,5,4,5,2,5,4,1,2,6,4,5,4,2,5,3,7,2,3,7,3,3,7,4,2,4,3,3,5,3,5,5,4,3,3,4,4,5,5,1,3,4,3,3,2,5,3,4,5,1,1,1,4,2,2,3,2,4,4,2,2,2,3,2,2,2,2,2,2,4,5,4,3,4,5,5,4,1,4,3,5,5,3,5,1,5,5,5,3,5,4,4,5,5,5,5,5,5,5,5,5,5,5,5,5,5,5,2,2,4,2,4,6,1,7,2,6,2,6,6,1,7,4,5,5,5,5,3,1,5,5,5,3,5,5,5,5,5,3,1,2,3,1,2,1,5,2,2,5,4,2,1,5,2,1,4,2,4,3,2,3,2,3,3,3,3,2,2,2,3,4,2,4,4,5,3,3,4,4,4,5,5,4,4,3,2,3,2,4,5,2,5,4,5,4,4,3,4,5,1,4,4,5,5,2,5,5,2,3,7,2,6,5,2,6,3,6,3,3,6,3,6,4,2,3,3,2,3,4,2,4,4,3,3,4,5,4,4,5,2,4,5,2,2,3,5,2,2,4,2,1,1,5,2,1,3,3,5,5,2,3,3,2,1,2,3,2,3
"67",67,67,"SOJS",1,3,NA,35,2,3,1,2,NA,2,NA,2,2,1,NA,1,NA,5,NA,2,NA,95000,2,2,0,1,1,1,1,1,2,1,"HCOE",2,1,1,2,2,"HCOE",270,NA,"Home",24,1,1,2,2,1,2,NA,NA,270,4,1,1,NA,1,NA,3,4,67,3,3,4,4,3,5,5,5,5,3,4,5,5,5,5,5,5,4,4,4,5,5,3,5,4,4,4,1,2,1,5,4,2,4,4,2,3,3,3,2,2,7,3,6,4,1,7,5,4,5,4,6,2,7,4,2,1,2,2,1,3,2,1,4,2,2,4,4,4,5,5,1,2,3,2,1,2,4,2,1,2,1,1,1,4,1,1,5,1,5,5,3,3,2,3,1,2,2,2,2,1,3,2,3,2,4,4,5,5,1,1,3,5,5,5,4,1,2,4,4,5,5,4,4,4,3,4,4,2,4,4,2,4,4,5,3,3,4,4,2,3,4,3,6,7,1,7,4,5,2,1,4,1,7,2,4,2,3,2,2,3,4,2,1,2,5,4,4,2,4,4,1,3,4,2,4,1,4,2,3,2,2,4,2,2,4,1,4,2,4,5,3,3,2,3,3,3,2,2,2,1,3,4,3,4,5,5,5,5,3,3,4,5,5,5,5,5,3,2,3,5,3,4,5,4,2,2,1,2,1,5,3,1,5,4,1,1,1,2,2,2,6,3,5,5,1,7,3,6,6,3,6,3,7,6,1,1,1,2,2,3,1,1,4,1,1,1,4,4,4,5,1,3,3,2,1,2,2,2,2,3,2,1,1,4,1,1,5,1,5,5,3,2,3,2,2,3,2,2,2
"68",68,68,"SRCK",1,2,"Tara",28,2,3.5,1,1,NA,2,NA,1,NA,NA,NA,1,NA,4,NA,2,NA,15000,0,0,0,2,0,1,1,2,2,1,NA,1,1,2,2,1,NA,330,NA,NA,NA,1,1,2,2,2,2,NA,2,NA,3,1,2,NA,1,NA,2,3,68,3,3,4,3,4,3,3,4,3,2,3,4,3,3,3,4,2,2,2,2,3,4,2,3,5,4,4,5,4,5,4,3,5,5,5,5,5,5,5,3,3,6,3,6,6,3,4,6,6,2,4,6,4,5,6,3,4,5,2,3,4,3,5,3,3,2,3,5,4,4,4,3,3,3,4,2,3,5,3,4,4,4,2,2,4,2,2,1,3,2,2,2,2,2,2,3,3,2,2,2,2,1,5,3,3,5,4,3,2,2,3,4,5,5,4,4,5,1,2,2,2,4,4,2,5,5,5,5,2,5,5,3,5,5,5,5,4,5,4,2,3,4,1,4,6,1,6,3,7,1,7,6,3,6,4,5,2,4,4,4,3,3,4,2,3,3,4,5,5,4,5,3,2,3,4,4,1,5,3,5,4,5,4,1,4,4,2,1,5,2,2,2,1,2,2,3,3,3,2,2,2,3,3,3,4,2,4,5,3,2,1,4,3,4,5,3,3,3,3,3,2,3,3,3,4,2,4,5,3,5,3,3,5,5,5,4,5,5,3,3,4,7,3,7,7,1,6,5,7,3,3,5,4,6,7,2,2,3,3,4,3,2,5,3,3,3,3,4,3,4,2,3,2,4,4,3,3,4,3,3,4,4,2,2,4,2,3,1,2,2,2,2,2,3,2,3,2,2,2,2
"69",69,69,"SRCM",2,3,NA,24,2,4,1,1,NA,2,NA,3,2,5,NA,1,NA,4,NA,1,NA,19200,0,0,0,3,0,1,2,2,2,2,NA,1,2,2,2,2,NA,28,2,NA,25,2,NA,NA,NA,NA,NA,NA,NA,NA,NA,NA,NA,NA,1,NA,3,4,69,2,5,5,4,4,3,4,3,2,2,4,3,2,4,2,4,2,4,4,3,5,3,3,2,5,4,5,5,2,5,4,4,5,5,4,5,2,5,5,2,3,3,3,5,3,2,4,4,6,1,3,5,4,6,4,2,4,5,4,4,4,4,5,4,4,4,3,5,4,4,4,3,2,5,5,3,3,5,4,5,5,3,4,1,4,3,3,1,4,2,3,3,3,3,3,3,3,2,3,2,2,3,5,2,5,4,5,4,4,1,5,3,3,5,3,5,2,2,3,2,3,5,3,3,5,5,5,5,4,5,5,4,5,5,5,5,5,5,4,2,3,6,3,3,4,2,3,3,2,2,5,6,2,6,6,4,4,4,4,4,3,4,5,5,4,3,4,4,4,4,4,4,4,4,4,2,2,4,4,4,4,4,2,2,4,4,2,1,4,2,2,1,2,3,2,2,1,2,2,1,3,4,4,4,3,4,4,3,2,3,4,3,4,5,3,5,2,3,3,3,4,5,3,3,5,5,5,5,4,5,5,4,4,5,5,5,5,5,5,2,3,7,1,6,3,2,4,3,6,2,3,5,3,4,6,3,2,4,2,3,4,4,5,3,4,4,4,5,4,4,4,4,4,4,4,3,3,5,4,3,4,4,2,1,4,2,2,2,2,2,4,2,2,3,3,2,3,2,2,2
"70",70,70,"SWLW",3,4,NA,25,2,4,2,1,NA,2,"Epilepsy",2,2,1,NA,1,NA,5,NA,3,"IHSS Worker",24000,0,0,0,1,1,1,1,2,2,1,"Swim, Equine",1,1,2,2,2,"Glenpaul, Swim, Equi",720,2,"Glen Preschool",30,1,2,2,2,2,2,NA,2,2,3,2,2,"ABA office",1,NA,4,4,70,3,2,3,1,3,2,4,4,2,2,3,3,5,5,2,4,2,2,2,1,3,4,1,4,5,4,4,5,3,4,4,3,3,4,4,4,3,4,4,1,3,6,2,5,6,1,6,4,7,2,4,5,3,7,6,3,2,4,5,5,3,3,5,4,5,4,4,4,3,4,5,4,4,4,4,3,2,5,3,4,4,4,4,3,3,1,1,1,4,1,3,2,2,3,2,2,3,3,2,2,2,3,5,2,4,4,5,5,1,3,3,3,4,4,1,4,5,3,2,3,3,5,3,5,4,4,5,4,3,5,5,3,4,4,5,3,5,4,4,2,3,6,1,6,7,2,4,4,6,3,6,7,3,4,7,3,2,4,4,3,2,3,4,4,5,3,4,5,5,5,5,3,4,5,4,3,2,4,4,4,5,4,3,2,5,1,2,2,4,1,2,2,2,2,3,3,3,3,3,2,3,2,5,1,2,3,4,3,3,1,3,3,4,3,2,3,2,3,2,3,3,3,3,3,4,5,4,5,3,4,5,2,5,5,5,4,3,5,5,2,2,6,1,7,6,1,7,2,6,2,6,5,2,7,5,5,2,3,4,4,4,4,4,4,4,4,4,4,3,4,5,4,1,4,2,2,1,4,3,4,4,4,4,3,4,3,2,1,3,2,4,2,2,2,3,3,2,2,1,1
"71",71,71,"TBBB",3,2,"Tara",33,2,3.5,1,1,NA,2,NA,2,2,1,NA,1,NA,7,NA,1,NA,30000,NA,NA,NA,1,1,2,2,2,2,1,NA,2,2,2,2,1,NA,90,5,"Home",15,1,2,2,1,2,2,NA,2,60,3,1,2,NA,1,NA,3,3,71,3,4,5,4,4,5,5,5,5,2,4,3,2,5,4,4,3,4,4,4,4,4,4,3,4,4,5,5,2,4,5,4,5,5,5,2,2,4,4,3,3,7,3,7,7,3,7,4,6,2,1,7,2,7,6,4,4,3,4,3,4,4,3,5,3,5,5,5,4,5,4,4,2,4,2,2,3,5,4,4,3,3,1,2,5,3,1,2,2,4,2,3,2,3,3,2,1,3,3,3,3,3,5,3,3,3,4,5,4,1,3,2,4,4,2,4,1,2,3,3,3,4,2,2,5,3,4,4,3,4,4,4,4,4,5,5,4,5,4,2,3,6,3,6,6,1,7,4,5,3,5,5,1,7,4,4,4,3,2,2,2,4,2,4,4,4,3,4,3,2,4,2,2,2,2,3,2,4,3,2,4,2,3,1,4,2,1,3,1,4,3,2,3,3,3,2,2,2,2,2,2,3,5,3,3,5,5,4,3,4,3,4,5,4,4,4,1,2,3,2,5,5,2,5,5,4,5,5,2,5,5,2,5,5,5,5,3,5,4,2,3,6,2,5,3,2,7,3,6,3,3,6,2,6,5,2,1,2,1,2,3,2,2,2,1,3,2,5,3,3,5,2,2,4,1,2,3,4,5,4,4,2,2,1,4,1,1,3,2,4,4,2,2,3,2,2,2,2,2,2
"72",72,72,"TDTD",1,2,"Jenna",38,1,4,1,2,NA,1,NA,2,2,NA,NA,1,NA,8,"10th Grade",2,NA,NA,0,0,0,3,0,2,1,2,2,1,NA,2,2,2,2,1,NA,720,NA,NA,15,NA,NA,NA,NA,NA,NA,NA,NA,NA,NA,NA,NA,NA,1,NA,NA,4,72,3,5,5,4,5,4,5,5,3,3,4,5,5,5,3,4,1,3,3,3,5,5,2,5,5,5,5,5,5,5,5,5,5,5,5,5,5,5,5,1,1,4,2,6,2,1,6,4,4,1,7,7,1,6,6,4,4,5,5,3,5,4,5,5,4,2,5,5,4,1,5,4,5,5,5,5,3,3,4,5,5,4,3,2,5,4,3,2,4,2,2,3,3,3,3,3,2,2,2,2,3,3,3,3,3,5,4,3,3,2,4,4,5,5,5,5,5,2,1,1,4,4,2,5,5,5,4,5,5,5,5,3,5,5,5,5,4,5,4,2,3,6,3,5,6,2,2,1,5,1,3,6,2,4,6,4,2,4,4,5,4,3,4,4,3,2,2,3,4,5,5,4,3,5,5,2,2,5,4,4,5,4,2,2,5,1,2,2,4,2,4,3,2,3,2,3,2,2,2,2,3,4,4,4,5,4,5,5,5,2,5,4,4,5,4,5,3,4,3,3,1,5,3,4,5,5,5,5,5,5,5,4,4,5,5,5,5,5,5,2,3,6,2,6,3,1,4,5,5,2,3,5,3,5,7,4,5,4,5,4,5,4,5,5,5,5,5,5,4,4,4,3,4,4,5,3,3,5,4,2,3,4,2,2,5,3,3,2,2,5,2,2,3,3,3,2,3,3,2,2
"73",73,73,"TNSN",1,1,"Carole",36,1,2,2,1,NA,NA,NA,1,NA,3,NA,1,NA,4,NA,3,NA,45000,0,0,0,1,1,1,2,2,2,1,NA,1,2,2,2,1,NA,120,1,NA,17,NA,NA,NA,NA,NA,NA,NA,NA,NA,NA,NA,NA,NA,NA,NA,3,4,73,3,4,5,3,3,4,4,5,3,2,2,4,3,3,2,5,2,3,3,3,1,4,2,3,5,5,4,5,5,5,5,4,5,5,5,5,2,5,5,2,1,7,3,3,4,1,3,3,4,1,6,6,2,6,4,4,2,4,3,4,4,4,4,4,3,2,2,4,3,4,5,4,2,5,3,4,2,5,4,4,4,4,4,2,4,2,3,2,4,3,2,2,2,2,2,3,2,2,2,3,3,3,3,4,4,3,5,4,3,3,3,3,5,4,4,5,5,1,2,2,3,4,4,4,4,5,5,4,5,5,5,4,5,5,5,5,4,5,5,2,4,7,1,3,5,1,5,3,6,1,5,4,1,6,6,5,2,5,4,3,5,5,4,4,3,3,4,5,3,4,5,2,2,4,4,2,1,5,5,4,5,4,3,2,4,1,1,2,2,4,4,3,2,3,2,3,2,2,2,3,2,4,4,3,5,3,4,4,4,2,3,5,3,4,4,4,3,3,3,2,3,5,3,4,4,4,4,5,4,5,4,2,4,5,5,5,5,5,5,3,5,6,3,6,5,1,1,4,5,2,4,5,4,3,7,4,3,4,3,3,4,2,4,3,3,4,4,4,3,4,3,2,3,4,4,2,3,5,3,1,3,3,2,1,5,2,2,4,4,4,4,3,2,3,3,1,2,2,2,2
"74",74,74,"TRCR",1,1,"Carole",28,2,2,1,2,NA,2,NA,2,2,5,NA,1,NA,5,NA,1,NA,NA,NA,NA,NA,1,2,1,2,1,2,1,NA,2,2,1,2,1,NA,240,NA,NA,10,2,NA,NA,NA,NA,NA,NA,NA,NA,NA,NA,NA,NA,1,NA,4,4,74,3,5,5,5,5,5,5,5,4,1,5,4,5,5,3,5,3,3,5,1,5,5,3,3,5,5,5,5,5,5,5,4,5,5,5,5,5,5,5,2,2,7,2,7,7,2,7,2,7,2,6,6,1,7,7,4,2,5,5,5,5,4,5,5,5,5,5,5,5,5,5,4,4,5,3,4,2,5,3,4,4,4,2,1,5,2,2,1,4,2,4,2,3,3,3,2,2,2,2,2,3,3,5,3,3,3,5,5,2,1,5,5,5,4,5,5,5,4,3,2,4,5,3,5,5,5,5,5,5,4,5,5,5,5,5,5,5,4,3,3,2,4,3,6,6,3,5,3,3,4,6,5,2,7,6,3,2,4,4,3,2,2,3,4,5,4,4,5,5,5,5,3,4,5,5,3,2,4,4,4,5,4,3,2,5,2,3,3,4,2,4,3,3,3,3,3,2,3,2,2,2,4,5,4,3,5,5,4,4,2,4,4,5,5,4,5,3,4,4,4,5,5,4,5,5,4,4,5,3,5,5,2,5,5,5,4,5,5,5,3,4,7,2,7,4,2,7,3,6,2,5,5,3,7,6,2,2,3,3,3,5,4,5,4,3,4,4,4,4,4,5,3,2,4,2,2,3,5,4,4,3,4,2,1,4,2,3,1,4,5,3,2,2,2,3,3,3,3,2,1
"75",75,75,"TSKS",1,3,NA,33,2,5,1,3,NA,2,NA,3,1,7,"American",1,NA,5,NA,3,NA,92000,0,0,0,1,1,1,1,2,2,1,NA,1,1,2,2,2,NA,1080,NA,"No school",NA,NA,NA,NA,NA,NA,NA,NA,NA,NA,NA,NA,NA,NA,1,NA,3,3,75,2,3,2,2,2,2,3,3,4,2,4,2,3,5,2,5,2,1,3,2,3,3,2,3,4,4,4,3,2,4,4,2,5,4,3,5,2,5,5,2,3,4,4,4,3,2,6,4,5,2,3,6,3,6,6,3,1,3,4,4,5,3,4,4,2,4,4,3,4,4,4,1,3,4,3,2,2,4,2,2,2,1,1,1,3,1,2,2,4,4,4,2,2,3,2,1,2,2,2,2,2,3,4,4,3,3,5,5,4,1,4,4,4,4,4,5,5,2,4,4,4,4,4,4,5,5,4,5,4,5,4,4,5,5,4,5,3,4,4,1,2,3,3,4,7,3,2,3,3,4,7,6,1,3,4,2,4,5,5,4,3,3,5,2,4,4,5,5,5,5,4,2,2,5,2,2,1,4,4,2,5,3,1,2,4,2,2,3,4,3,3,1,3,2,3,2,3,3,2,1,2,3,4,2,5,4,4,4,3,2,3,4,5,5,2,4,2,4,4,4,5,4,4,4,4,4,5,4,5,4,4,4,4,4,5,4,5,5,5,1,2,7,1,7,6,2,7,2,6,1,5,5,5,3,4,2,1,2,4,4,4,2,4,5,3,3,5,4,5,3,4,3,3,5,2,2,2,5,2,3,4,4,2,1,4,2,2,3,2,2,5,1,3,2,2,2,3,3,2,2
"76",76,76,"TSTS",2,4,NA,32,2,4,1,2,NA,2,NA,2,2,6,"Native/European",1,NA,5,NA,1,"Student",32600,15,0,3,2,1,1,1,2,2,1,NA,2,2,2,2,1,"In transition",900,2,"Daycare",41,1,1,1,2,1,2,NA,15,1080,2,2,1,NA,1,NA,1,2,76,3,4,2,5,4,4,5,3,2,2,3,3,5,5,3,5,3,2,4,3,3,4,2,3,5,5,4,4,5,5,4,2,3,5,5,5,2,5,3,1,2,4,3,7,6,1,6,4,7,1,1,5,2,5,6,4,2,4,5,5,5,4,5,4,5,5,4,4,5,1,2,4,3,5,3,5,2,4,4,3,2,3,4,2,4,4,2,3,2,4,4,2,3,3,3,2,1,2,2,1,3,3,3,2,4,3,5,5,4,1,3,3,3,3,4,5,4,2,3,3,3,3,1,5,4,2,2,4,5,4,5,1,4,5,5,1,2,1,2,3,1,7,6,6,7,7,1,3,3,5,1,7,2,1,5,1,2,1,2,2,5,2,1,1,4,1,2,4,4,5,2,2,3,4,2,1,4,1,5,2,5,2,1,1,4,1,1,4,1,5,5,3,3,3,3,2,1,2,2,2,1,3,5,4,4,5,5,5,2,3,5,4,5,5,3,5,1,4,5,2,5,5,4,5,5,5,5,4,4,4,5,4,2,4,5,5,3,4,5,1,3,6,1,7,3,2,7,2,5,1,6,7,2,5,6,4,2,4,4,2,5,3,2,5,5,3,4,1,3,4,5,3,2,4,2,4,2,4,4,3,5,2,3,1,4,2,2,2,1,3,4,2,3,2,3,3,3,3,2,1
"77",77,77,"TVBV",2,1,"Carole",42,2,2.5,1,1,NA,1,NA,1,NA,1,NA,1,NA,5,NA,3,NA,40000,0,0,0,2,0,1,2,1,1,1,NA,1,2,2,2,1,NA,180,1,NA,24,2,NA,NA,NA,NA,NA,NA,NA,NA,NA,NA,NA,NA,1,NA,3,3,77,2,5,4,2,4,2,4,4,5,3,5,4,3,4,2,4,2,2,2,1,2,4,2,4,5,4,4,5,4,5,4,2,5,5,5,5,2,3,5,1,4,4,2,6,5,1,3,4,5,2,3,6,4,7,5,2,3,4,5,4,4,2,5,3,4,2,4,5,2,4,5,2,4,3,4,4,2,4,4,4,5,3,2,2,4,1,1,1,4,2,4,2,2,3,2,2,2,2,2,1,3,5,5,4,5,4,5,5,2,3,5,5,4,5,1,4,1,3,4,3,5,5,5,5,5,5,5,4,5,3,5,5,3,5,5,5,5,5,5,1,1,6,1,6,4,1,4,2,6,1,7,7,2,6,6,5,5,5,5,5,5,5,5,5,5,5,5,5,5,5,5,5,5,5,5,5,1,5,5,5,5,5,5,5,5,5,3,1,4,1,1,3,3,3,3,3,3,3,2,2,3,2,4,1,3,3,5,4,3,1,5,4,5,5,4,5,3,3,2,4,5,4,4,4,5,5,5,5,3,4,5,1,5,5,5,5,3,5,5,1,2,6,2,5,7,2,1,1,6,2,3,5,5,2,6,4,2,2,4,4,4,4,4,3,4,4,4,4,3,4,4,4,4,4,4,3,2,5,3,4,4,4,2,2,4,2,1,2,4,3,5,2,2,1,2,3,2,3,2,2
"78",78,78,"VMKM",1,2,"Lucera",28,2,4.5,2,1,NA,2,NA,3,2,1,NA,1,NA,5,NA,1,NA,NA,NA,NA,NA,3,0,2,2,2,2,1,NA,2,2,2,2,1,NA,390,2,NA,15,2,NA,NA,NA,NA,NA,NA,NA,NA,NA,NA,NA,NA,1,NA,4,4,78,3,4,5,3,3,4,5,4,4,3,3,3,4,4,3,3,2,3,4,3,4,3,3,3,5,4,4,4,2,5,5,4,4,4,4,4,4,4,4,2,4,3,3,4,3,3,5,3,4,2,3,5,4,6,3,2,4,2,4,4,4,4,2,4,4,3,4,4,3,4,4,2,2,4,3,3,3,4,4,2,4,2,2,2,4,4,2,2,2,4,3,3,2,3,3,2,2,2,3,2,2,3,4,3,4,4,4,5,4,1,3,3,4,4,2,4,1,2,5,3,3,3,3,3,5,5,4,5,4,5,4,3,5,5,5,5,5,5,5,1,3,5,3,6,6,1,5,3,3,3,6,6,2,4,4,3,4,4,4,3,3,3,2,4,3,4,4,4,4,4,4,3,2,3,2,3,2,4,3,2,4,3,2,2,3,2,1,2,2,3,2,1,2,2,1,2,3,3,2,2,2,3,4,2,3,5,5,4,3,2,3,4,5,5,3,5,2,2,3,2,3,5,2,4,5,5,5,4,3,4,4,2,3,4,5,4,3,5,4,2,3,7,1,5,7,2,5,4,6,3,3,5,3,5,6,2,1,3,1,3,3,3,1,3,1,2,3,4,4,4,4,2,3,4,1,3,3,5,3,2,4,2,2,1,4,1,1,3,1,4,5,2,2,3,2,2,2,2,2,2
"79",79,79,"VMLF",2,4,NA,28,2,3,1,2,NA,2,NA,3,1,1,NA,1,NA,5,NA,1,"Part Property Owner",40000,NA,NA,NA,3,0,2,2,2,2,1,NA,2,2,2,2,1,NA,30,2,NA,15,1,2,2,2,1,2,NA,2,1,4,1,1,NA,1,NA,3,4,79,2,5,4,4,5,3,4,3,3,2,3,2,3,4,2,3,2,4,4,3,4,4,3,3,4,4,5,5,4,5,4,4,5,5,5,5,5,5,4,2,4,4,3,6,3,2,7,4,6,2,3,5,3,7,7,4,4,5,4,5,5,4,5,4,5,4,4,4,5,2,5,4,3,1,3,3,2,4,5,4,5,3,4,2,4,5,2,2,3,1,3,3,2,3,2,3,1,2,2,1,3,3,5,3,3,4,4,4,4,2,4,3,4,4,4,4,3,3,3,3,3,4,3,3,5,4,2,5,2,4,5,2,4,5,5,4,3,4,4,2,2,5,3,5,4,2,5,3,5,2,3,6,3,5,5,2,2,2,4,4,4,2,2,4,4,4,4,4,4,4,4,4,3,4,4,4,3,3,3,3,3,4,4,2,4,4,2,1,2,3,3,1,2,2,2,3,2,3,2,2,3,3,4,4,2,3,5,4,4,1,4,3,4,5,3,5,2,3,3,2,3,3,3,3,5,5,4,5,2,5,5,2,4,5,4,3,3,3,3,2,2,4,2,4,4,3,4,4,4,3,4,5,3,4,4,3,3,3,3,4,4,3,3,3,4,2,3,4,4,4,3,3,3,4,4,4,3,3,3,3,4,3,2,2,4,4,1,1,2,4,3,2,2,2,2,3,3,3,2,2
"80",80,80,"VPYP",2,3,NA,NA,NA,NA,NA,2,NA,2,NA,3,2,3,NA,1,NA,5,NA,1,NA,52000,NA,NA,NA,1,1,1,1,2,2,2,"Pre K early",1,1,2,2,2,"Special Needs Class",780,2,NA,29,1,1,2,2,2,2,NA,6,6,4,2,2,"FRC",1,NA,4,4,80,3,2,5,1,4,4,5,4,3,1,2,5,5,5,2,4,1,4,3,1,2,5,1,5,4,4,4,4,5,4,5,2,5,4,4,5,5,5,3,2,2,7,2,5,7,2,2,3,6,3,2,4,3,5,4,2,4,3,3,3,3,4,1,4,5,3,3,4,3,5,4,3,4,5,3,3,2,5,3,2,4,2,4,2,4,1,3,3,3,4,3,2,2,3,2,2,2,2,1,1,2,3,5,4,3,4,5,5,3,1,1,4,5,5,3,5,2,2,5,2,3,5,3,5,5,5,5,5,5,5,5,2,4,5,5,5,3,5,5,1,1,7,1,4,7,1,7,1,7,1,7,7,1,7,4,5,5,3,5,3,5,4,2,2,4,4,4,5,5,5,5,4,2,5,2,4,1,5,5,5,5,5,5,2,3,2,1,3,1,4,2,2,2,2,2,3,2,2,2,3,2,2,4,2,4,3,5,4,2,2,4,5,5,5,5,5,5,2,2,2,3,5,2,5,5,5,5,4,3,3,5,3,2,5,5,5,3,5,5,3,3,6,2,7,7,1,3,2,5,2,3,6,3,5,7,5,2,2,2,4,4,3,4,3,4,3,4,4,4,4,4,3,3,2,2,2,2,5,4,2,3,2,2,2,5,2,1,2,1,5,5,3,3,2,2,3,2,2,2,2
"81",81,81,"WM",3,3,NA,26,1,4,1,1,NA,2,NA,2,2,5,NA,1,NA,4,NA,2,NA,6000,0,0,0,1,1,1,1,2,2,2,NA,2,2,2,2,2,NA,360,5,"Home",NA,2,NA,NA,NA,NA,NA,NA,NA,NA,NA,NA,NA,NA,1,NA,1,1,81,2,5,3,4,3,2,4,3,3,1,5,2,5,5,4,5,3,2,4,3,4,3,4,3,5,4,5,5,3,5,4,4,5,5,4,5,5,5,5,2,4,7,4,6,4,2,6,4,5,1,1,6,4,7,7,3,2,4,3,4,5,4,4,2,2,5,5,5,4,4,4,2,2,3,1,2,2,4,5,4,5,3,1,1,5,2,2,2,4,4,4,2,1,3,2,2,2,2,1,2,3,5,5,3,4,4,5,5,4,3,3,3,4,3,5,3,1,3,3,3,5,5,3,3,5,5,2,5,2,5,5,3,5,5,5,4,4,5,5,1,4,3,3,3,5,3,3,4,3,3,4,6,2,5,6,2,3,4,4,3,5,3,5,2,5,4,5,5,4,5,4,4,2,4,2,2,2,4,5,4,5,4,2,4,4,2,3,2,4,4,3,1,2,2,3,2,2,3,2,1,3,4,5,3,4,4,5,5,3,3,3,3,5,5,2,5,2,5,4,5,5,4,5,5,5,5,5,4,5,3,5,5,5,5,5,5,5,5,5,1,1,7,1,4,5,5,4,1,7,1,7,7,7,1,4,4,2,4,5,5,5,4,5,5,5,5,5,5,5,5,5,3,5,5,5,1,2,5,5,5,5,5,3,1,5,5,3,3,5,1,4,2,3,2,1,3,3,3,2,2
